Symbol,Name
0001.HK,CKH HOLDINGS
0002.HK,CLP HOLDINGS
0003.HK,HK & CHINA GAS
0004.HK,WHARF HOLDINGS
0005.HK,HSBC HOLDINGS
0006.HK,POWER ASSETS
0007.HK,WISDOM WEALTH
0008.HK,PCCW
0010.HK,HANG LUNG GROUP
0012.HK,HENDERSON LAND
0013.HK,HUTCHMED
0014.HK,HYSAN DEV
0016.HK,SHK PPT
0017.HK,NEW WORLD DEV
0018.HK,ORIENTAL E H
0019.HK,SWIRE PACIFIC A
0020.HK,SENSETIME-W
0021.HK,GREAT CHI HLDGS
0022.HK,MEXAN
0023.HK,BANK OF E ASIA
0025.HK,CHEVALIER INT'L
0026.HK,CHINA MOTOR BUS
0027.HK,GALAXY ENT
0028.HK,TIAN AN
0029.HK,DYNAMIC HOLD
0030.HK,YNBY INTL
0031.HK,CHINA AEROSPACE
0032.HK,CROSS-HAR(HOLD)
0033.HK,INTL GENIUS
0034.HK,KOWLOON DEV
0035.HK,FE CONSORT INTL
0036.HK,FE HLDGS INTL
0037.HK,FE HOTELS
0038.HK,FIRST TRACTOR
0039.HK,CH BEIDAHUANG
0040.HK,GOLD PEAK
0041.HK,GREAT EAGLE H
0042.HK,NE ELECTRIC
0045.HK,HK&S HOTELS
0046.HK,COMPUTER & TECH
0048.HK,C AUTO INT DECO
0050.HK,HK FERRY (HOLD)
0051.HK,HARBOUR CENTRE
0052.HK,FAIRWOOD HOLD
0053.HK,GUOCO GROUP
0055.HK,NEWAY GROUP
0057.HK,CHEN HSONG HOLD
0058.HK,SUNWAY INT'L
0059.HK,SKYFAME REALTY
0060.HK,HK FOOD INV
0061.HK,GREEN LEADER
0062.HK,TRANSPORT INT'L
0063.HK,CHI ASIA VALLEY
0064.HK,GET NICE
0065.HK,GRAND OCEAN AR
0066.HK,MTR CORPORATION
0069.HK,SHANGRI-LA ASIA
0070.HK,RICH GOLDMAN
0071.HK,MIRAMAR HOTEL
0072.HK,META MEDIA
0073.HK,ASIAN CITRUS
0075.HK,Y.T. REALTY
0076.HK,ELATE HOLDINGS
0077.HK,AMS TRANSPORT
0078.HK,REGAL INT'L
0079.HK,CENTURY LEGEND
0081.HK,CH OVS G OCEANS
0082.HK,CRAZY SPORTS
0083.HK,SINO LAND
0084.HK,STELUX HOLDINGS
0085.HK,CE HUADA TECH
0086.HK,SUN HUNG KAI CO
0087.HK,SWIRE PACIFIC B
0088.HK,TAI CHEUNG HOLD
0089.HK,TAI SANG LAND
0090.HK,PUXING ENERGY
0092.HK,CHAMPION TECH
0093.HK,ZERO FINTECH
0094.HK,GREENHEART GP
0095.HK,LVGEM CHINA
0096.HK,YUSEI
0097.HK,HENDERSON INV
0098.HK,XINGFA ALUM
0099.HK,WONG'S INT'L
0100.HK,MINIMAX-WP
0101.HK,HANG LUNG PPT
0103.HK,SHOUGANG CENT
0104.HK,ASIA COMM HOLD
0105.HK,ASSO INT HOTELS
0106.HK,LANDSEA MGMT
0107.HK,SICHUAN EXPRESS
0108.HK,GR LIFE STYLE
0110.HK,CHINA FORTUNE
0111.HK,CINDA INTL HLDG
0113.HK,DICKSON CONCEPT
0114.HK,HERALD HOLD
0115.HK,GRAND FIELD GP
0116.HK,CHOW SANG SANG
0117.HK,TIANLI HOLDINGS
0118.HK,COSMOS MACH
0119.HK,POLY PROPERTY
0120.HK,COSMOPOL INT'L
0122.HK,CROCODILE
0123.HK,YUEXIU PROPERTY
0124.HK,GD LAND
0125.HK,SUN HING VISION
0126.HK,CARRIANNA
0127.HK,CHINESE EST H
0128.HK,ENM HOLDINGS
0129.HK,ASIA STANDARD
0130.HK,MOISELLE INT'L
0131.HK,CHEUK NANG HOLD
0132.HK,HING YIP HLDGS
0135.HK,KUNLUN ENERGY
0136.HK,CHINA RUYI
0137.HK,JINHUI HOLDINGS
0138.HK,CCT FORTIS
0139.HK,SMART FISH
0142.HK,FIRST PACIFIC
0144.HK,CHINA MER PORT
0145.HK,CCIAM FUTURE EN
0146.HK,TAI PING CARPET
0147.HK,IB SETTLEMENT
0148.HK,KINGBOARD HLDG
0149.HK,CH AGRI-PROD EX
0150.HK,HYPEBEAST
0151.HK,WANT WANT CHINA
0152.HK,SHENZHEN INT'L
0154.HK,BE ENVIRONMENT
0156.HK,LIPPO CHINA RES
0157.HK,NATURAL BEAUTY
0158.HK,MELBOURNE ENT
0159.HK,BROCKMAN MINING
0160.HK,HON KWOK LAND
0162.HK,CENTURY GINWA
0163.HK,EMPEROR INT'L
0164.HK,CHINA BAOLI TEC
0165.HK,CHINA EB LTD
0166.HK,NEW TIMES CORP
0167.HK,IDT INT'L
0168.HK,TSINGTAO BREW
0169.HK,WANDA HOTEL DEV
0171.HK,SILVER GRANT
0173.HK,K. WAH INT'L
0174.HK,GEMINI INV
0175.HK,GEELY AUTO
0176.HK,SUPERACTIVE GP
0177.HK,JIANGSU EXPRESS
0178.HK,SA SA INT'L
0179.HK,JOHNSON ELEC H
0180.HK,KADER HOLDINGS
0181.HK,FUJIAN HOLDINGS
0182.HK,CONCORD NE
0183.HK,WINFULL GP
0184.HK,KECK SENG INV
0185.HK,ZENSUN ENT
0186.HK,NIMBLE HOLDINGS
0187.HK,JINGCHENG MAC
0188.HK,SUNWAH KINGSWAY
0189.HK,DONGYUE GROUP
0191.HK,LAI SUN INT'L
0193.HK,CAPITAL ESTATE
0194.HK,LIU CHONG HING
0195.HK,GREENTECH INTL
0196.HK,HONGHUA GROUP
0197.HK,HENG TAI
0199.HK,ITC PROPERTIES
0200.HK,MELCO INT'L DEV
0201.HK,MAGNIFICENT
0202.HK,EVERCHINA INT'L
0205.HK,BFB HEALTH
0206.HK,CM-ENERGY
0209.HK,WINSHINE SCI
0210.HK,DAPHNE INT'L
0211.HK,STYLAND HOLD
0212.HK,NANYANG HOLD
0213.HK,NATIONAL ELEC H
0214.HK,ASIA ORIENT
0215.HK,HUTCHTEL HK
0216.HK,CHINNEY INV
0217.HK,CHINA CHENGTONG
0218.HK,SWHYHK
0219.HK,SHUNHO PROPERTY
0220.HK,U-PRESID CHINA
0222.HK,MIN XIN HOLD
0223.HK,ELIFE HLDGS
0224.HK,PIONEER GLOBAL
0225.HK,POKFULAM
0227.HK,FIRST SHANGHAI
0228.HK,CHINA ENERGY
0229.HK,RAYMOND IND
0230.HK,MINMETALS LAND
0232.HK,CON AERO TECH
0234.HK,NEW CENTURY GP
0235.HK,CSC HOLDINGS
0236.HK,SAN MIGUEL HK
0237.HK,SAFETY GODOWN
0239.HK,PAK FAH YEOW
0240.HK,BUILD KING HOLD
0241.HK,ALI HEALTH
0242.HK,SHUN TAK HOLD
0243.HK,QPL INT'L
0244.HK,SINCERE
0245.HK,CHINA VERED FIN
0247.HK,TST PROPERTIES
0248.HK,HKC INT'L HOLD
0251.HK,SEA HOLDINGS
0252.HK,SE ASIA PPT
0253.HK,SHUNHO HOLDINGS
0254.HK,NUR HOLDINGS
0255.HK,LUNG KEE
0256.HK,CITYCHAMP
0257.HK,EB ENVIRONMENT
0258.HK,TOMSON GROUP
0259.HK,YEEBO (INT'L H)
0261.HK,GBA HOLDINGS
0262.HK,DESON DEV INT'L
0264.HK,CN INT DEV CORP
0265.HK,GANGYU SERVICES
0266.HK,TIAN TECK LAND
0267.HK,CITIC
0268.HK,KINGDEE INT'L
0269.HK,CRTG
0270.HK,GUANGDONG INV
0271.HK,ASIASEC PPT
0272.HK,SHUI ON LAND
0274.HK,RA SILK ROAD
0276.HK,MONGOLIA ENERGY
0277.HK,TERN PROPERTIES
0279.HK,ARTA TECHFIN
0280.HK,KING FOOK HOLD
0285.HK,BYD ELECTRONIC
0286.HK,AIDIGONG
0287.HK,WINFAIR INV
0288.HK,WH GROUP
0289.HK,WING ON CO
0290.HK,GOFINTECH QUANT
0291.HK,CHINA RES BEER
0293.HK,CATHAY PAC AIR
0294.HK,YANGTZEKIANG
0295.HK,KONG SUN HOLD
0296.HK,EMPEROR E HOTEL
0297.HK,SINOFERT
0298.HK,CHUANG'S CHINA
0299.HK,GLORY SUN LAND
0300.HK,MIDEA GROUP
0301.HK,SANVO CHEMICALS
0302.HK,CMGE
0303.HK,VTECH HOLDINGS
0305.HK,WULING MOTORS
0306.HK,KWOON CHUNG BUS
0308.HK,CHINA TRAVEL HK
0309.HK,XH NEWS MEDIA
0311.HK,LUEN THAI
0312.HK,SHIRBLE STORE
0313.HK,RICHLY FIELD
0314.HK,SIPAI HEALTH
0315.HK,SMARTONE TELE
0316.HK,OOIL
0317.HK,COMEC
0318.HK,VONGROUP
0320.HK,COMPUTIME
0321.HK,TEXWINCA HOLD
0322.HK,TINGYI
0323.HK,MAANSHAN IRON
0325.HK,BLOKS
0326.HK,CHINA STAR ENT
0327.HK,PAX GLOBAL
0328.HK,ALCO HOLDINGS
0329.HK,OCI INTL
0330.HK,ESPRIT HOLDINGS
0331.HK,FSE LIFESTYLE
0332.HK,YUANHENG GAS
0333.HK,TOP FORM INT'L
0334.HK,CH DISPLAY OPT
0335.HK,UPBEST GROUP
0336.HK,HUABAO INTL
0337.HK,GREENLAND HK
0338.HK,SHANGHAI PECHEM
0340.HK,TONGGUAN GOLD
0341.HK,CAFE DE CORAL H
0343.HK,CULTURECOM HOLD
0345.HK,VITASOY INT'L
0346.HK,YANCHANG PETRO
0347.HK,ANGANG STEEL
0348.HK,CHINAHEALTHWISE
0351.HK,ASIA ENERGY LOG
0352.HK,FORTUNE SUN
0353.HK,ENERGY INTINV
0354.HK,CHINASOFT INT'L
0355.HK,CENTURY C INT'L
0357.HK,MEILAN AIRPORT
0358.HK,JIANGXI COPPER
0360.HK,NEW FOCUS AUTO
0361.HK,HANFORT DEV H
0362.HK,C ZENITH CHEM
0363.HK,SHANGHAI IND H
0365.HK,SINO ICT
0366.HK,LUKS GROUP (VN)
0367.HK,CHUANG'S INT'L
0368.HK,SUPERLAND GROUP
0369.HK,WING TAI PPT
0370.HK,HK ROBOTICS
0371.HK,BJ ENT WATER
0372.HK,PT INTL DEV
0373.HK,ALLIED GROUP
0374.HK,FOUR SEAS MER
0375.HK,YGM TRADING
0376.HK,YUNFENG FIN
0377.HK,CHINA HUAJUN GP
0379.HK,EG LEASING
0380.HK,CHINA PIPE
0381.HK,AOM INT'L
0382.HK,EDVANTAGE GROUP
0383.HK,TIANAN MEDICARE
0384.HK,CHINA GAS HOLD
0385.HK,CHINNEY ALLI
0386.HK,SINOPEC CORP
0387.HK,LEEPORT(HOLD)
0388.HK,HKEX
0389.HK,TONTINE WINES
0390.HK,CHINA RAILWAY
0391.HK,MEI AH ENTER
0392.HK,BEIJING ENT
0393.HK,GLORIOUS SUN
0396.HK,HING LEE (HK)
0397.HK,MINERVA GROUP
0398.HK,ORIENTAL WATCH
0399.HK,STARCOIN GROUP
0400.HK,INGDAN
0401.HK,WANJIA GROUP
0403.HK,STARLITE HOLD
0406.HK,YAU LEE HOLD
0408.HK,YIP'S CHEMICAL
0410.HK,SOHO CHINA
0411.HK,LAM SOON (HK)
0412.HK,SDHG
0413.HK,SC HOLDINGS
0417.HK,TSE SUI LUEN
0418.HK,FOUNDER HOLD
0419.HK,HONY MEDIA
0420.HK,FOUNTAIN SET
0422.HK,VMEP HOLDINGS
0423.HK,HKET HOLDINGS
0425.HK,MINTH GROUP
0426.HK,ONE MEDIA GROUP
0430.HK,ORIENTAL EXPL
0431.HK,G CHINA FIN
0432.HK,PCPD
0433.HK,NORTH MINING
0434.HK,BOYAA
0436.HK,NU ENVIRO
0438.HK,IRICO NEWENERGY
0439.HK,GENESIS SCALE
0440.HK,DAH SING
0442.HK,DOMAINE POWER
0444.HK,SINCEREWATCH HK
0450.HK,HUNG HING PRINT
0451.HK,GCL NEWENERGY
0455.HK,TIANDA PHARMA
0456.HK,NEW CITY DEV
0458.HK,TRISTATE HOLD
0459.HK,LEGEND UPSTAR
0460.HK,SIHUAN PHARM
0464.HK,CHINA IN-TECH
0465.HK,FUTONG TECH
0467.HK,UNITEDENERGY GP
0468.HK,GAPACK
0470.HK,WUXI LEAD
0471.HK,SILKWAVE INC
0472.HK,NEW SILKROAD
0474.HK,ACESO LIFE SCI
0475.HK,CENTRAL DEV H
0476.HK,EV DYNAMICS
0480.HK,HKR INT'L
0482.HK,SANDMARTIN INTL
0483.HK,BAUHAUS INT'L
0484.HK,FORGAME
0485.HK,CHINASINOSTAR
0486.HK,RUSAL
0487.HK,SUCCESSUNIVERSE
0488.HK,LAI SUN DEV
0489.HK,DONGFENG GROUP
0491.HK,EMPEROR CULTURE
0493.HK,GOME RETAIL
0495.HK,PALADIN
0496.HK,KASEN
0497.HK,CSI PROPERTIES
0498.HK,BLUE RIVER HLDG
0499.HK,QINGDAO HLDGS
0500.HK,FRONTIER SER
0501.HK,OMNIVISION
0505.HK,XINGYE ALLOY
0506.HK,CHINA FOODS
0508.HK,DINGYI GP INV
0509.HK,SUNSHINE
0510.HK,CASH FIN SER GP
0511.HK,TVB
0512.HK,GRAND PHARMA
0513.HK,CONTINENTAL H
0515.HK,CHINASILVER TEC
0517.HK,COSCO SHIP INTL
0518.HK,TUNGTEX (HOLD)
0519.HK,NOVAUTEK
0520.HK,XIABUXIABU
0521.HK,CWT INT'L
0522.HK,ASMPT
0524.HK,GW TERROIR
0525.HK,GUANGSHEN RAIL
0526.HK,LISI GP HOLD
0527.HK,RUIFENG RENEW
0528.HK,KINGDOM HOLDING
0529.HK,SIS INT'L
0532.HK,WKK INTL (HOLD)
0533.HK,GOLDLION HOLD
0535.HK,GEMDALE PPT
0536.HK,TRADELINK
0538.HK,AJISEN (CHINA)
0540.HK,SPEEDY GLOBAL
0542.HK,CN CULTURAL T&A
0543.HK,PACIFIC ONLINE
0544.HK,DAIDO GROUP
0546.HK,FUFENG GROUP
0547.HK,DIGITAL DOMAIN
0548.HK,SHENZHENEXPRESS
0550.HK,ALLEGRO CULTURE
0551.HK,YUE YUEN IND
0552.HK,CHINACOMSERVICE
0553.HK,NANJING PANDA
0554.HK,HANS GP HLDGS
0556.HK,PAN ASIA ENVIRO
0557.HK,TIANYUAN HEALTH
0558.HK,LK TECH
0559.HK,DETAI NEWENERGY
0560.HK,CHU KONG SHIP
0563.HK,SH IND URBAN
0564.HK,ZCZL
0565.HK,ART GROUP HOLD
0567.HK,DAISHOMICROLINE
0568.HK,SHANDONG MOLONG
0570.HK,TRAD CHI MED
0571.HK,ESUN HOLDINGS
0572.HK,FW HOLDINGS
0573.HK,TAO HEUNG HLDGS
0574.HK,PASHUN INT'L
0575.HK,REGENT PACIFIC
0576.HK,ZHEJIANGEXPRESS
0579.HK,JNCEC
0580.HK,SUN.KING TECH
0581.HK,CHINA ORIENTAL
0582.HK,SHIN HWA WORLD
0583.HK,GWPA HOLDINGS
0585.HK,IMAGI INT'L
0586.HK,CONCH VENTURE
0587.HK,CONCH ENVIRO
0588.HK,BEIJING N STAR
0590.HK,LUK FOOK HOLD
0591.HK,C HIGHPRECISION
0595.HK,AV CONCEPT HOLD
0596.HK,INSPUR DIGI ENT
0598.HK,SINOTRANS
0599.HK,E. BON HOLDINGS
0600.HK,AXERA
0601.HK,REMT
0602.HK,JIAHUA STORES H
0603.HK,CHINA OIL & GAS
0604.HK,SHENZHEN INVEST
0605.HK,C FIN SERVICES
0606.HK,SCE CM
0607.HK,FULLSHARE
0608.HK,HIGH FASHION
0609.HK,TIANDE CHEMICAL
0610.HK,WAI KEE HOLD
0611.HK,CNE TECH CORP
0613.HK,PLANETREE INT'L
0616.HK,EMINENCE ENT
0617.HK,PALIBURG HOLD
0618.HK,PKU RESOURCES
0619.HK,SOUTH CHINA FIN
0620.HK,DTXS SILK ROAD
0621.HK,TAUNG GOLD
0622.HK,OSHIDORI
0623.HK,SINOMEDIA
0626.HK,PUBLIC FIN HOLD
0627.HK,VISION SYNERGY
0628.HK,TONGTONG AI SOC
0629.HK,YUE DA INTL
0630.HK,AMCO UNITED
0631.HK,SANY INT'L
0632.HK,CHK OIL
0635.HK,PLAYMATES
0636.HK,KLN
0637.HK,LEE KEE
0638.HK,FIBOCOM
0639.HK,SHOUGANG RES
0640.HK,INFINITY DEV
0641.HK,CHTC FONG'S INT
0643.HK,CARRY WEALTH
0645.HK,ARES ASIA
0646.HK,CHINA ENV TEC
0648.HK,SOFTMEDX
0650.HK,PRODUCTIVE TECH
0653.HK,BONJOUR HOLD
0655.HK,HK CHINESE LTD
0656.HK,FOSUN INTL
0657.HK,G-VISION INT'L
0658.HK,C TRANSMISSION
0659.HK,CTF SERVICES
0660.HK,WAI CHUN BIOTEC
0661.HK,CDAYENONFER
0662.HK,ASIA FINANCIAL
0663.HK,KING STONE ENGY
0666.HK,REPT BATTERO
0667.HK,CHINA EAST EDU
0669.HK,TECHTRONIC IND
0670.HK,CHINA EAST AIR
0672.HK,ZHONGAN GROUP
0673.HK,CHINA HEALTH
0674.HK,CHINA TANGSHANG
0675.HK,K & P INT'L
0676.HK,PEGASUS INT'L
0677.HK,GOLDEN RES DEV
0679.HK,ASIA TELE-NET
0681.HK,CHI PEOPLE HOLD
0682.HK,CHAODA MODERN
0683.HK,KERRY PPT
0684.HK,ALLAN INT'L
0685.HK,MEDIA CHINESE
0686.HK,BJ ENERGY INTL
0687.HK,TYSAN HOLDINGS
0688.HK,CHINA OVERSEAS
0689.HK,EPI (HOLDINGS)
0690.HK,UNI-BIO GROUP
0691.HK,SHANSHUI CEMENT
0693.HK,TAN CHONG INT'L
0694.HK,BEIJING AIRPORT
0695.HK,DONGWU CEMENT
0696.HK,TRAVELSKY TECH
0697.HK,SHOUCHENG
0698.HK,TONGDA GROUP
0699.HK,JOYSON ELEC
0700.HK,TENCENT
0701.HK,CNT GROUP
0702.HK,SINO OIL & GAS
0703.HK,FUTURE BRIGHT
0704.HK,HUSCOKE HLDGS
0707.HK,ATV HOLDINGS
0708.HK,EVERG VEHICLE
0709.HK,GIORDANO INT'L
0710.HK,BOE VARITRONIX
0711.HK,ASIA ALLIED INF
0712.HK,COMTEC SOLAR
0713.HK,WORLD HOUSEWARE
0716.HK,SINGAMAS CONT
0717.HK,EMPEROR CAPITAL
0718.HK,TAI UNITED HOLD
0719.HK,SHANDONG XINHUA
0720.HK,AUTO ITALIA
0722.HK,UMP
0723.HK,RELIANCE GLO HL
0724.HK,RUIXIN INT'L
0725.HK,PERENNIAL INT'L
0726.HK,DIT GROUP
0727.HK,CROWNICORP
0728.HK,CHINA TELECOM
0730.HK,CAPITAL IND FIN
0731.HK,C&D NEWIN
0732.HK,TRULY INT'L
0733.HK,HOPEFLUENT
0736.HK,CHINA PPT INV
0737.HK,BAY AREA DEV
0738.HK,LE SAUNDA
0743.HK,ASIA CEMENT CH
0745.HK,CN CULTURE GP
0746.HK,L & M CHEMICAL
0747.HK,SHENYANG PUBLIC
0750.HK,SFSY ENERGY
0751.HK,SKYWORTH GROUP
0752.HK,PICO FAR EAST
0753.HK,AIR CHINA
0754.HK,HOPSON DEV HOLD
0755.HK,DEVGREAT
0756.HK,SUMMI
0757.HK,SOLARGIGA
0759.HK,CEC INT'L HOLD
0760.HK,TALENT PPT GP
0762.HK,CHINA UNICOM
0763.HK,ZTE
0764.HK,ETERNITY INV
0765.HK,PERFECTECH INTL
0767.HK,ZHONG JI LS
0769.HK,CHINA RAREEARTH
0771.HK,AUTOMATED SYS
0772.HK,CHINA LIT
0775.HK,CKLIFE SCIENCES
0776.HK,IMPERIUM TEC GP
0777.HK,NETDRAGON
0780.HK,TONGCHENGTRAVEL
0784.HK,LING YUI
0788.HK,CHINA TOWER
0789.HK,ARTINI HLDG
0794.HK,COME SURE GROUP
0797.HK,7ROAD
0798.HK,CEOVU
0799.HK,IGG
0800.HK,WERIDE-W
0802.HK,CHINA E-WALLET
0804.HK,PINESTONE
0805.HK,NEW GONOW RV
0806.HK,VALUE PARTNERS
0807.HK,SIICENVIRONMENT
0809.HK,GLOBAL BIO-CHEM
0811.HK,XINHUA WINSHARE
0813.HK,SHIMAO GROUP
0814.HK,JINGKELONG
0815.HK,CHI SILVER GP
0816.HK,JINMAO SERVICES
0817.HK,CHINA JINMAO
0818.HK,HI SUN TECH
0819.HK,TIANNENG POWER
0821.HK,VC HOLDINGS
0822.HK,KA SHUI INT'L
0825.HK,NWDS CHINA
0826.HK,TIANGONG INT'L
0827.HK,KO YO GROUP
0828.HK,DYNASTY WINES
0829.HK,SHENGUAN HLDGS
0830.HK,CSC DEVELOPMENT
0831.HK,CR ASIA
0832.HK,CENTRAL CHINA
0833.HK,ALLTRONICS
0834.HK,KANGDA FOOD
0836.HK,CHINA RES POWER
0837.HK,CARPENTER TAN
0838.HK,EVA HOLDINGS
0839.HK,CHINA EDU GROUP
0840.HK,TIANYE WATER
0841.HK,CASSAVA RES
0842.HK,LEOCH INT'L
0844.HK,GREATIME INTL
0845.HK,GLORIOUS PPT H
0846.HK,MINGFA GROUP
0848.HK,MAOYE INT'L
0851.HK,SHENG YUAN HLDG
0852.HK,STRONG PETRO
0853.HK,MICROPORT
0854.HK,WILLAS-ARRAY
0855.HK,CHINA WATER
0856.HK,VSTECS
0857.HK,PETROCHINA
0858.HK,EXTRAWELL PHAR
0859.HK,ZHONGCHANG INTL
0860.HK,APOLLO FMG
0861.HK,DC HOLDINGS
0862.HK,VISION VALUES
0863.HK,OSL GROUP
0864.HK,WING LEE PPT
0865.HK,JIANDE INT'L
0866.HK,CHINA QINFA
0867.HK,CMS
0868.HK,XINYI GLASS
0869.HK,PLAYMATES TOYS
0871.HK,CH DREDG ENV
0873.HK,SHIMAO SERVICES
0874.HK,BAIYUNSHAN PH
0875.HK,CONGYU INTE AGR
0876.HK,KAISA HEALTH
0878.HK,SOUNDWILL HOLD
0880.HK,SJM HOLDINGS
0881.HK,ZHONGSHENG HLDG
0882.HK,TIANJIN DEV
0883.HK,CNOOC
0884.HK,CIFI HOLD GP
0887.HK,EMPEROR WATCH&J
0888.HK,BLOCKFIN HLDG
0889.HK,DATRONIX HOLD
0893.HK,CHINAVTM MINING
0894.HK,MAN YUE TECH
0895.HK,DONGJIANG ENV
0896.HK,HANISON
0897.HK,WAI YUEN TONG
0898.HK,MULTIFIELD INTL
0899.HK,ZHONG JIA GX
0900.HK,AEON CREDIT
0902.HK,HUANENG POWER
0907.HK,ELEGANCEOPTICAL
0909.HK,MING YUAN CLOUD
0910.HK,CHINA SANDI
0911.HK,QIANHAI HEALTH
0912.HK,SUGA INT'L
0914.HK,CONCH CEMENT
0915.HK,DAOHE GLOBAL
0916.HK,CHINA LONGYUAN
0917.HK,QUNABOX GROUP
0918.HK,MAJESTIC DRAGON
0919.HK,MODERNHEALTHTEC
0921.HK,HISENSE HA
0922.HK,ANXIANYUAN CH
0923.HK,IWS
0924.HK,KHOON GROUP
0926.HK,BESUNYEN
0927.HK,FUJIKON IND
0928.HK,KING INTL INV
0929.HK,IPE GROUP
0931.HK,CHINA HK POWER
0932.HK,SHUNTEN INTL
0933.HK,VIVA GOODS
0934.HK,SINOPEC KANTONS
0936.HK,KAISA CAPITAL
0938.HK,MAN SANG INT'L
0939.HK,CCB
0941.HK,CHINA MOBILE
0943.HK,ZHONGZHENG INTL
0945.HK,MANULIFE-S
0947.HK,MOBI DEV
0948.HK,ALPHA PRO HLDGS
0950.HK,LEE'S PHARM
0951.HK,CHAOWEI POWER
0952.HK,QUAM PLUS FIN
0953.HK,SHAW BROTHERS
0954.HK,CHANGMAO BIO
0956.HK,CHINA SUNTIEN
0959.HK,CENTURY ENT INT
0960.HK,LONGFOR GROUP
0966.HK,CHINA TAIPING
0968.HK,XINYI SOLAR
0969.HK,HUA LIEN INT'L
0970.HK,NEW SPARKLEROLL
0974.HK,SKL
0975.HK,MONGOL MINING
0976.HK,CHIHO ENV
0978.HK,CHI MER LAND
0979.HK,GREEN ENERGY GP
0980.HK,LIANHUA
0981.HK,SMIC
0983.HK,SOCAM DEV
0984.HK,AEON STORES
0986.HK,DUFU LIQUOR GP
0987.HK,CH RENEW EN INV
0989.HK,CHINA CBS INTL
0990.HK,DEEP SOURCE
0991.HK,DATANG POWER
0992.HK,LENOVO GROUP
0993.HK,XINKONG INT CAP
0994.HK,CT VISION
0995.HK,ANHUIEXPRESSWAY
0997.HK,CHINLINK INTL
0998.HK,CITIC BANK
0999.HK,XIAOCAIYUAN
1000.HK,BEIJING MEDIA
1001.HK,HK SH ALLIANCE
1002.HK,V.S. INT'L
1003.HK,HUANXI MEDIA
1004.HK,C SMARTERENERGY
1005.HK,MATRIX HOLDINGS
1007.HK,LONGHUI INTL
1008.HK,LITU HOLDINGS
1009.HK,INT'L ENT
1010.HK,SKY BLUE 11
1011.HK,NT PHARMA
1013.HK,WAI CHUN GROUP
1020.HK,CIPRUN TECH
1022.HK,FEIYU
1023.HK,SITOY GROUP
1024.HK,KUAISHOU-W
1025.HK,KNT HOLDINGS
1026.HK,UNIVERSAL TECH
1027.HK,ASIA STRAT TECH
1028.HK,C.BANNER
1029.HK,IRC
1030.HK,SEAZEN
1033.HK,SINOPEC SSC
1036.HK,VANKE OVERSEAS
1037.HK,MAXNERVA TECH
1038.HK,CKI HOLDINGS
1039.HK,CHANGYOU INT GP
1044.HK,HENGAN INT'L
1045.HK,APT SATELLITE
1046.HK,UNIVERSE ENT
1047.HK,NGAI HING HONG
1049.HK,CELESTIAL ASIA
1050.HK,KARRIE INT'L
1051.HK,G-RESOURCES
1052.HK,YUEXIUTRANSPORT
1053.HK,CHONGQING IRON
1055.HK,CHINA SOUTH AIR
1057.HK,ZHEJIANG SHIBAO
1058.HK,NAMYUE HOLDINGS
1059.HK,KANTONE HOLDING
1060.HK,DAMAI ENT
1061.HK,ESSEX BIO-TECH
1063.HK,SUNCORP TECH
1064.HK,ZHONG HUA INT'L
1065.HK,TIANJIN CAPITAL
1066.HK,WEIGAO GROUP
1068.HK,YURUN FOOD
1069.HK,CN HEALTH TECH
1070.HK,TCL ELECTRONICS
1071.HK,HUADIAN POWER
1072.HK,DONGFANG ELEC
1073.HK,DA YU FIN
1075.HK,CAPINFO
1079.HK,PINE TECH
1080.HK,SHENGLI PIPE
1082.HK,BDV EDU INTL
1083.HK,TG SMART ENERGY
1084.HK,GREEN FRESH BIO
1085.HK,HXTL
1086.HK,GOODBABY INTL
1087.HK,INVESTECH HLDGS
1088.HK,CHINA SHENHUA
1090.HK,DA MING INT'L
1091.HK,SOUTH MANGANESE
1093.HK,CSPC PHARMA
1094.HK,CHERISH SUN
1097.HK,I-CABLE COMM
1098.HK,ROAD KING INFRA
1099.HK,SINOPHARM
1100.HK,MAINLAND HOLD
1101.HK,HUARONG ENERGY
1102.HK,ENVIRO ENERGY
1104.HK,APAC RESOURCES
1105.HK,SING TAO
1107.HK,MODERN LAND
1108.HK,TRIUMPH NEW EN
1109.HK,CHINA RES LAND
1110.HK,KINGWORLD
1111.HK,HUASHI GROUP
1112.HK,H&H INTL HLDG
1113.HK,CK ASSET
1114.HK,BRILLIANCE CHI
1115.HK,5100 XIZANG
1116.HK,HC TECH GP
1117.HK,CH MODERN D
1118.HK,GOLIK HOLDINGS
1119.HK,IDREAMSKY
1120.HK,ARTS OPTICAL
1121.HK,GOLDENSOLAR
1122.HK,QINGLING MOTORS
1123.HK,CHINA-HK PHOTO
1124.HK,COASTAL GL
1125.HK,LAI FUNG HOLD
1126.HK,DREAM INT'L
1127.HK,LION ROCK GROUP
1128.HK,WYNN MACAU
1129.HK,WATER INDUSTRY
1130.HK,CHINA ENV RES
1132.HK,ORANGE SKY G H
1133.HK,HARBIN ELECTRIC
1134.HK,KELFRED
1137.HK,HK TECH VENTURE
1138.HK,COSCO SHIP ENGY
1141.HK,CMBC CAPITAL
1142.HK,E&P GLOBAL
1143.HK,CN ENGY STORAGE
1145.HK,COURAGE INV
1146.HK,HUICHENG INTL H
1147.HK,EDENSOFT
1148.HK,POWER XINCHEN
1150.HK,MILAN STATION
1152.HK,MOMENTUM FIN
1153.HK,JIAYUAN SER
1156.HK,CHINANEWENERGY
1157.HK,ZOOMLION
1159.HK,SMART DIGI TECH
1161.HK,WATER OASIS GP
1162.HK,LUMINA GROUP
1163.HK,ADTIGER CORP
1164.HK,CGN MINING
1165.HK,SFCE
1166.HK,SOLARTECH INT'L
1167.HK,JACOBIO-B
1168.HK,Z FIN
1170.HK,KINGMAKER
1171.HK,YANKUANG ENERGY
1172.HK,MAGNUSCONCORDIA
1173.HK,VEEKO INT'L
1176.HK,ZHUGUANG HOLD
1177.HK,SINO BIOPHARM
1179.HK,HWORLD-S
1180.HK,PARADISE ENT
1181.HK,TANG PALACE
1182.HK,SUCCESS DRAGON
1183.HK,MECOM POWER
1184.HK,S.A.S. DRAGON
1186.HK,CHINA RAIL CONS
1188.HK,HYBRID KINETIC
1189.HK,GBA DYNAMIC
1193.HK,CHINA RES GAS
1195.HK,KINGWELL GROUP
1196.HK,REALORD GROUP
1198.HK,ROYALE HOME
1199.HK,COSCO SHIP PORT
1200.HK,MIDLAND HOLDING
1201.HK,TESSON HOLDINGS
1202.HK,SIWI SCI & TECH
1203.HK,GUANGNAN (HOLD)
1204.HK,BOARDWARE INTEL
1205.HK,CITIC RESOURCES
1206.HK,TECHNOVATOR
1208.HK,MMG
1209.HK,CHINA RES MIXC
1211.HK,BYD COMPANY
1213.HK,MOBICON GROUP
1215.HK,KAI YUAN HLDGS
1216.HK,ZYBANK
1218.HK,EASYKNIT INT'L
1220.HK,ZHIDAO INT'L
1221.HK,SINO HOTELS
1222.HK,WANG ON GROUP
1223.HK,SYMPHONY HOLD
1224.HK,C C LAND
1225.HK,LERADO FIN
1228.HK,CANBRIDGE-B
1229.HK,NAN NAN RES
1231.HK,NEWTON RES
1232.HK,GW TIANDI
1233.HK,TIMES CHINA
1234.HK,CHINA LILANG
1235.HK,TRAVEL EXPERT
1237.HK,CH ENV TECH&BIO
1238.HK,POWERLONG
1239.HK,TEAMWAY INTL GP
1240.HK,CNQC INT'L
1241.HK,SHUANGHUA H
1243.HK,WANG ON PPT
1244.HK,3D MEDICINES
1245.HK,NIRAKU
1246.HK,BOILLHEALTHCARE
1247.HK,MIKO INTL
1250.HK,SDHS NEW ENERGY
1251.HK,SPT ENERGY
1252.HK,CHINA TIANRUI
1253.HK,GREEN BROAD
1255.HK,TATA HEALTH
1257.HK,CEB GREENTECH
1258.HK,CHINFMINING
1259.HK,PROSPER FUTURE
1260.HK,WONDERFUL SKY
1262.HK,LABIXIAOXIN
1265.HK,TIANJINJINRAN
1268.HK,MEIDONG AUTO
1269.HK,FIRST CAP GP
1270.HK,LANGHAM-SS
1271.HK,GRAND MING
1272.HK,DATANG ENVIRO
1273.HK,HK FINANCE GP
1274.HK,IMOTIONTECH
1276.HK,HENGRUI PHARMA
1277.HK,KINETIC DEV
1278.HK,CHINANEWTOWN
1280.HK,QIDIAN GUOFENG
1281.HK,XINDA INV HLDGS
1282.HK,RENZE HARVEST
1283.HK,ACCEL GROUP
1284.HK,NEW MEDIA LAB
1285.HK,JIASHILI GP
1286.HK,IMPRO PRECISION
1288.HK,ABC
1289.HK,SUNLIT SCI
1290.HK,CHINA HUIRONG
1292.HK,CMA LOGISTICS
1293.HK,GRAND BAOXIN
1298.HK,YUNNAN ENERGY
1299.HK,AIA
1300.HK,TRIGIANT
1301.HK,D&G TECH
1302.HK,LIFETECH SCI
1303.HK,HUILI RES
1304.HK,FORTIOR
1305.HK,WAI CHI HOLD
1308.HK,SITC
1310.HK,HKBN
1312.HK,KONTA CHINA
1313.HK,CR BLDG MAT TEC
1314.HK,TSUI WAH HLDG
1315.HK,GREEN ECONOMY
1316.HK,NEXTEER
1317.HK,MAPLELEAF EDU
1318.HK,MAO GEPING
1319.HK,OIWAHPAWN
1321.HK,CHINA NEWCITY
1323.HK,HUASHENG INTL
1326.HK,TRANSMIT ENT
1327.HK,LUXXU GROUP
1328.HK,GOLDSTREAM INV
1330.HK,DYNAGREEN ENV
1332.HK,TOUYUN BIOTECH
1333.HK,BRETON
1334.HK,RUICHANG INTL
1335.HK,SHEEN TAI
1336.HK,NCI
1338.HK,BAWANG GROUP
1339.HK,PICC GROUP
1340.HK,HUISHENG INTL
1341.HK,HAO TIAN INTL
1343.HK,WEI YUAN HLDG
1345.HK,SH PIONEER HLDG
1346.HK,LEVER STYLE
1347.HK,HUA HONG SEMI
1348.HK,QUALI-SMART
1349.HK,FUDANZHANGJIANG
1351.HK,BRIGHT FUTURE
1354.HK,KINGFARPROPERTY
1355.HK,LEGEND STRAT
1357.HK,MEITU
1358.HK,PW MEDTECH
1359.HK,CHINA CINDA
1361.HK,361 DEGREES
1362.HK,SIS MOBILE
1364.HK,GUMING
1368.HK,XTEP INT'L
1370.HK,AOWEI HOLDING
1371.HK,CHINA ECOTOUR
1372.HK,C CARBONNEUTRAL
1373.HK,IH RETAIL
1375.HK,CC SECURITIES
1376.HK,RAFFLESINTERIOR
1378.HK,CHINAHONGQIAO
1379.HK,WENLING MCT
1380.HK,CHI KINGSTONE
1382.HK,PACIFICTEXTILES
1384.HK,DEEPEXI TECH
1385.HK,SHANGHAI FUDAN
1388.HK,EMBRY HOLDINGS
1389.HK,MAJOR HLDGS
1393.HK,HIDILI INDUSTRY
1395.HK,ELL ENV
1396.HK,GD-HKGBA HLDGS
1397.HK,BAGUIO GREEN
1398.HK,ICBC
1399.HK,VESON HLDG
1400.HK,MOODY TECH HLDG
1401.HK,FUTURE MACH LTD
1402.HK,I-CONTROL
1405.HK,DPC DASH
1406.HK,CLARITY MEDICAL
1407.HK,JY GAS
1408.HK,MACAU E&M
1410.HK,EDVANCE INTL
1412.HK,Q P GROUP
1413.HK,FEG HOLDINGS
1415.HK,COWELL
1416.HK,CTR HOLDINGS
1417.HK,RIVERINE CHINA
1418.HK,SINOMAX GROUP
1419.HK,HUMAN HEALTH
1420.HK,CHUAN HOLDING
1421.HK,PROSP GP INTL
1425.HK,JUSTIN ALLEN H
1427.HK,CH TIANBAO GP
1428.HK,BRIGHT SMART
1429.HK,SKYMISSION GP
1431.HK,YST DAIRY
1432.HK,CHINA SHENGMU
1433.HK,CIRTEK HLDGS
1440.HK,STAR SHINE HLDG
1442.HK,INFINITY L&T
1443.HK,FULUM GP HLDG
1446.HK,HUNGFOOKTONG
1447.HK,SFK
1448.HK,FU SHOU YUAN
1449.HK,LEADER EDU
1450.HK,BE FRIENDS HLDG
1451.HK,MS GROUP HLDGS
1452.HK,DENOX ENV
1455.HK,FOURACE IND GP
1456.HK,GLMS SEC
1458.HK,ZHOU HEI YA
1459.HK,JUJIANG CONS
1460.HK,ICO GROUP
1461.HK,ZHONGTAIFUTURES
1463.HK,C-LINK SQ
1466.HK,BAIJIN LIFE SCI
1468.HK,JAKOTA CAPITAL
1470.HK,PROSPER ONE
1471.HK,ZHONGMIAO-100
1472.HK,SANG HING HLDGS
1473.HK,PANGAEA CONNECT
1475.HK,NISSIN FOODS
1476.HK,FIN STREET SEC
1477.HK,OCUMENSION-B
1478.HK,Q TECH
1480.HK,YAN TAT GROUP
1481.HK,SMART GLOBE
1483.HK,NET-A-GO TECH
1486.HK,C CHENG HLDGS
1488.HK,BEST FOOD HLDG
1489.HK,GC CONSTRUCTION
1490.HK,AI X TECH
1495.HK,JIYI HOLDINGS
1496.HK,AP RENTALS
1497.HK,YAN PALACE
1498.HK,PURAPHARM
1499.HK,OKG TECH
1500.HK,INCON
1501.HK,INT MEDICAL
1502.HK,FIN STREET PPT
1508.HK,CHINA RE
1513.HK,LIVZON PHARMA
1515.HK,CR MEDICAL
1516.HK,SUNAC SERVICES
1518.HK,NC HEALTHCARE
1519.HK,J&T EXPRESS-W
1520.HK,VIRTUAL MIND
1521.HK,FRONTAGE
1522.HK,BII TRANS TECH
1523.HK,PLOVER BAY TECH
1525.HK,GENCH EDU
1526.HK,RICI HEALTH
1527.HK,TENGY ENV
1528.HK,RS MACALLINE
1529.HK,YUES INTL HLDG
1530.HK,3SBIO
1532.HK,CHINA PARTYTIME
1536.HK,YUK WING GP
1538.HK,ZHONG AO HOME
1539.HK,UNITY GP HLDGS
1540.HK,LEFTFIELD PRINT
1541.HK,IMMUNEONCO-B
1542.HK,TAIZHOU WATER
1543.HK,JOIN-SHARE
1545.HK,DESIGN CAPITAL
1546.HK,THELLOY DEV
1547.HK,IBI GROUP HLDGS
1548.HK,GENSCRIPT BIO
1549.HK,EVER HARVEST GP
1551.HK,GRCB
1552.HK,BHCC HOLDING
1553.HK,MAIKE TUBE
1555.HK,MIE HOLDINGS
1556.HK,CHINNEY KW
1557.HK,K.H. GP HLDGS
1559.HK,KWAN ON HLDGS
1560.HK,STAR GROUP ASIA
1561.HK,PAN ASIA DATA H
1563.HK,ALLI INTL ED LE
1565.HK,VIRSCEND EDU
1566.HK,CA CULTURAL
1568.HK,SUNDART HLDGS
1569.HK,MINSHENG EDU
1570.HK,WEIYE HOLDINGS
1571.HK,XIN POINT HOLD
1572.HK,CHINA ART FIN
1575.HK,REGAL PARTNERS
1576.HK,QILU EXPRESSWAY
1577.HK,HUIXIN CREDIT
1578.HK,BANK OF TIANJIN
1579.HK,YIHAI INTL
1580.HK,DA SEN HLDGS
1581.HK,PROGRESSIVE P
1582.HK,CR CONSTRUCTION
1583.HK,QINQIN FOODS
1585.HK,YADEA
1586.HK,LEON INSPECTION
1587.HK,SHINEROAD INTL
1588.HK,CHANJET
1591.HK,SHUN WO GROUP
1592.HK,ANCHORSTONE
1593.HK,CHEN LIN EDU
1596.HK,YICHEN IND
1597.HK,NATURE ENERGY T
1598.HK,21CENTURY EDU
1599.HK,UCD
1600.HK,TIAN LUN GAS
1601.HK,ZGC TEC LEASING
1606.HK,CDB LEASING
1608.HK,VPOWER GROUP
1610.HK,COFCO JOYCOME
1611.HK,SINOHOPE TECH
1612.HK,VINCENT MED
1613.HK,SYNERTONE
1615.HK,AB BUILDERS
1616.HK,A METAVERSE
1617.HK,NANFANG COMM
1618.HK,MCC
1620.HK,CINESE INTL
1621.HK,VICO INTL HLDGS
1622.HK,REDCO GROUP
1623.HK,HILONG
1626.HK,JIA YAO HLDGS
1627.HK,ABLE ENG HLDGS
1628.HK,YUZHOU GROUP
1629.HK,CHAMP ALLI INTL
1630.HK,KIN SHING HLDGS
1631.HK,REF HOLDINGS
1632.HK,MSCTECH
1633.HK,SHEUNG YUE GP
1635.HK,DZUG
1636.HK,CMRU
1637.HK,SH GROUP HLDG
1638.HK,KAISA GROUP
1640.HK,QIAN XUN TECH
1641.HK,HX COLDCHAIN
1643.HK,MODERN CHI MED
1645.HK,HAINA INTEL
1647.HK,GRANDSHORES
1650.HK,HYGIEIA GROUP
1651.HK,TSUGAMI CHINA
1652.HK,FUSEN PHARM
1653.HK,MOS HOUSE
1655.HK,OKURA HOLDINGS
1656.HK,ISDN HOLDINGS
1657.HK,SG GROUP HLDGS
1658.HK,PSBC
1660.HK,SEVEN ELEMENTS
1661.HK,CH FRONTIER TEC
1662.HK,YEE HOP HLDGS
1663.HK,S HARBOURHOLD
1666.HK,TONG REN TANG
1667.HK,DIMMI LIFE HLDG
1668.HK,CHINASOUTHCITY
1669.HK,GIC GROUP
1671.HK,TIANBAO ENERGY
1672.HK,ASCLETIS-B
1673.HK,HUAZHANG TECH
1675.HK,ASIAINFO TECH
1676.HK,GAODI HOLDINGS
1679.HK,RISECOMM GP
1680.HK,MACAU LEGEND
1681.HK,CONSUN PHARMA
1682.HK,HP LIVING TECH
1683.HK,HOPE LIFE INT
1685.HK,BOER POWER
1686.HK,SUNEVISION
1689.HK,HUAXIHOLDINGS
1690.HK,LAP KEI ENGRG
1691.HK,JS GLOBAL LIFE
1692.HK,TOWNRAY HLDGS
1693.HK,BGMC
1695.HK,S&P INTL HLDG
1696.HK,SISRAM MED
1697.HK,SDITC
1698.HK,TME-SW
1701.HK,TU YI HLDG
1702.HK,DONGGUANG CHEM
1703.HK,WELIFE TECH
1705.HK,B & S INTL HLDG
1707.HK,GEOTECH HLDGS
1708.HK,SAMPLE TECH
1709.HK,DL HOLDINGS GP
1710.HK,TRIO IND ELEC
1711.HK,ULFERTS
1712.HK,DRAGON MINING
1713.HK,SICHUAN EN INV
1715.HK,AI HEALTH TECH
1716.HK,MOST KWAI CHUNG
1717.HK,AUSNUTRIA
1718.HK,WAN KEI GROUP
1719.HK,CIL GROUP
1720.HK,PUTIAN COMM
1721.HK,FSM HOLDINGS
1722.HK,KIN PANG HLDGS
1723.HK,MOON INC
1725.HK,C STRATEGIC TEC
1726.HK,HKE HOLDINGS
1727.HK,HEBEI CONS
1728.HK,ZHENGTONGAUTO
1729.HK,TIME INTERCON
1731.HK,PROSPEROUS IND
1732.HK,XIANGXING INT
1733.HK,E-COMMODITIES
1735.HK,CENTRAL NEW EGY
1736.HK,PARENTING NET
1737.HK,A & S GROUP
1738.HK,FS ANTHRACITE
1739.HK,QEEKA HOME
1740.HK,VALUES CULTURAL
1741.HK,SHING CHI HLDGS
1742.HK,HPC HOLDINGS
1745.HK,LVJI TECH
1746.HK,MAN SHUN GP
1747.HK,HOME CONTROL
1748.HK,XIN YUAN ENT
1749.HK,SHANSHAN
1750.HK,REM GROUP HLDGS
1751.HK,KINGLAND GROUP
1752.HK,TOP EDUCATION
1753.HK,DUIBA
1755.HK,S-ENJOY SERVICE
1756.HK,CHI SCI&EDU IND
1757.HK,AFFLUENT FDN
1758.HK,BOJUN EDU
1759.HK,SINO GAS HLDGS
1760.HK,INTRON TECH
1762.HK,WANKA ONLINE
1763.HK,CIRC
1765.HK,XJ INTL HLDGS
1766.HK,CRRC
1767.HK,TS WONDERS
1768.HK,BUSYMING
1769.HK,SCHOLAR EDU
1771.HK,SUNFONDA GP
1772.HK,GANFENGLITHIUM
1773.HK,TIANLI INT HLDG
1775.HK,BEXCELLENT GP
1776.HK,GF SEC
1777.HK,FANTASIA
1778.HK,COLOUR LIFE
1780.HK,RONGZUN INT'L H
1782.HK,IB DIGITAL TECH
1783.HK,ENVISION GREEN
1785.HK,CHENGDU EXPWAY
1786.HK,CRCCE
1787.HK,SD GOLD
1788.HK,GUOTAI JUNAN I
1789.HK,AK MEDICAL
1790.HK,TIL ENVIRO
1792.HK,CMON
1793.HK,WECON HOLDINGS
1795.HK,YADONG GROUP
1796.HK,METASPACEX
1797.HK,EAST BUY
1798.HK,DATANG RENEW
1799.HK,XINTE ENERGY
1800.HK,CHINA COMM CONS
1801.HK,INNOVENT BIO
1802.HK,WENYE GROUP
1803.HK,BJ SPORTS & ENT
1808.HK,ENTERPRISE DEV
1809.HK,PRINX CHENGSHAN
1810.HK,XIAOMI-W
1811.HK,CGN NEW ENERGY
1812.HK,CHENMING PAPER
1813.HK,KWG GROUP
1815.HK,EVEREST GOLD
1816.HK,CGN POWER
1817.HK,MULSANNE GROUP
1818.HK,ZHAOJIN MINING
1820.HK,PM PACKAGING
1822.HK,CHINA WOOD INT
1823.HK,HUAYUEXPRESSWAY
1825.HK,STERLING GP
1826.HK,FDB HOLDINGS
1827.HK,MIRICOR
1828.HK,FWD
1830.HK,PERFECT MEDICAL
1831.HK,SHIFANG HLDG
1832.HK,SAI LEISURE
1833.HK,PA GOODDOCTOR
1835.HK,REALWAY CAPITAL
1836.HK,STELLA HOLDINGS
1837.HK,NATURAL FOOD IH
1841.HK,A.PLUS GROUP
1842.HK,GROWN UP GROUP
1843.HK,SNACK EMPIRE
1845.HK,WG ENV TECH
1846.HK,EUROEYES
1847.HK,GHPC
1848.HK,CALC
1849.HK,AM GROUP
1850.HK,HSC RESOURCES
1851.HK,GINGKO EDU
1853.HK,CHUNCHENG HEAT
1854.HK,CHINA WANTIAN
1855.HK,ZONQING LTD
1856.HK,ERNEST BOREL
1857.HK,CEB WATER
1858.HK,CHUNLI MEDICAL
1860.HK,MOBVISTA
1861.HK,PRECIOUS DRAGON
1862.HK,JINGRUI HLDGS
1863.HK,CHI LONGEVITY
1865.HK,PENGO HLDG GP
1866.HK,CHINA XLX FERT
1867.HK,STD DEV GROUP
1868.HK,NEO-NEON
1869.HK,KAFELAKU COFFEE
1870.HK,ACME INTL HLDGS
1871.HK,CHINA ORIENTED
1872.HK,GUAN CHAO HLDGS
1873.HK,VIVA BIOTECH
1875.HK,BIODLINK-B
1876.HK,BUD APAC
1877.HK,JUNSHI BIO
1878.HK,SOUTHGOBI
1880.HK,CTG DUTY-FREE
1882.HK,HAITIAN INT'L
1883.HK,CITIC TELECOM
1884.HK,EPRINT GROUP
1888.HK,KB LAMINATES
1889.HK,SANAI HEALTH GP
1890.HK,CHINA KEPEI
1891.HK,HENG HUP
1894.HK,HANG YICK HLDGS
1895.HK,XINYUAN PM
1896.HK,MAOYAN ENT
1897.HK,MILLIONHOPE IND
1898.HK,CHINA COAL
1899.HK,XINGDA INT'L
1900.HK,CHINA ITS
1901.HK,FEIYANG GROUP
1903.HK,JBB BUILDERS
1905.HK,HAITONG UT
1906.HK,BONNY HLDG
1907.HK,CHINA RISUN GP
1908.HK,C&D INTL GROUP
1909.HK,FIRE ROCK
1910.HK,SAMSONITE
1911.HK,CR HOLDINGS
1912.HK,CONTEL
1913.HK,PRADA
1915.HK,TAIHE M-FIN
1916.HK,JIANGXI BANK
1917.HK,DOUMOB
1918.HK,SUNAC
1919.HK,COSCO SHIP HOLD
1920.HK,CHINA WACAN
1921.HK,DALIPAL HLDG
1922.HK,RUISEN LIFE SER
1925.HK,KWUNGS AROMA
1927.HK,JIUJIUWANG
1928.HK,SANDS CHINA LTD
1929.HK,CHOW TAI FOOK
1930.HK,SHINELONG
1931.HK,ETHK LABS INC.
1932.HK,CPM GROUP
1933.HK,ONEFORCE HLDGS
1935.HK,JH EDUCATION
1936.HK,RITAMIX
1937.HK,JIACHEN HOLDING
1938.HK,CHU KONG PIPE
1939.HK,SHANGSHAN GOLD
1940.HK,CGII HLDGS
1941.HK,YE XING GROUP
1942.HK,MOG DIGITECH
1943.HK,KING'S STONE
1945.HK,ZERO2IPO
1947.HK,MEIHAO GROUP
1948.HK,UJU HOLDING
1949.HK,PLATT NERA
1950.HK,DIWANG IND H
1951.HK,JXR
1952.HK,EVEREST MED
1953.HK,RIMBACO
1955.HK,JOHNSON HLDGS
1957.HK,MBV INTL
1958.HK,BAIC MOTOR
1959.HK,CENT UNIT HLDG
1960.HK,TBKS HLDGS
1961.HK,INFINITIES TECH
1962.HK,EVERGREEN PG
1963.HK,BCQ
1965.HK,LANDSEA LIFE
1966.HK,CHINA SCE GROUP
1967.HK,CONFIDENCE IN
1968.HK,HINGTEX HLDGS
1969.HK,CHINA CHUNLAI
1970.HK,IMAX CHINA
1971.HK,RSUN SER
1972.HK,SWIREPROPERTIES
1973.HK,TIAN TU CAPITAL
1975.HK,SUN HING PRINT
1977.HK,ANALOGUE HLDGS
1978.HK,LH GROUP
1979.HK,TEN PAO GROUP
1980.HK,TIANGE
1981.HK,CATHAY GP HLDGS
1982.HK,NAMESON HLDGS
1983.HK,LUZHOU BANK
1985.HK,MICROWARE
1986.HK,TSAKER NE
1987.HK,BENG SOON MACH
1988.HK,MINSHENG BANK
1991.HK,TA YANG GROUP
1993.HK,ASIARAY
1995.HK,ES SERVICES
1996.HK,RSUN PPT
1997.HK,WHARF REIC
1999.HK,MAN WAH HLDGS
2000.HK,SIM TECH
2001.HK,NEW HIGHER EDU
2002.HK,SUNSHINE PAPER
2003.HK,VCREDIT
2005.HK,SSY GROUP
2007.HK,COUNTRY GARDEN
2008.HK,PHOENIX TV
2009.HK,BBMG
2011.HK,GILSTON GROUP
2012.HK,SUNSHINE OIL
2013.HK,WEIMOB INC
2015.HK,LI AUTO-W
2016.HK,CZBANK
2017.HK,CHANHIGH
2018.HK,AAC TECH
2020.HK,ANTA SPORTS
2022.HK,DIGIT HOLLYWOOD
2023.HK,CHINA LUDAO
2025.HK,RUIFENG POWER
2026.HK,PONY-W
2028.HK,JOLIMARK
2030.HK,CABBEEN
2031.HK,AUSUPREME
2033.HK,TIME WATCH
2038.HK,FIH
2039.HK,CIMC
2048.HK,E-HOUSE ENT
2050.HK,SANHUA
2051.HK,VALA
2057.HK,ZTO EXPRESS-W
2068.HK,CHALIECO
2076.HK,BOSS ZHIPIN-W
2078.HK,PANASIALUM
2080.HK,AUX INTL
2086.HK,LEADWAY TECH
2088.HK,XIWANG PROPERTY
2096.HK,SIMCERE PHARMA
2097.HK,MIXUE GROUP
2098.HK,ZALL SMARTCOM
2099.HK,CHINAGOLDINTL
2100.HK,BAIOO
2101.HK,FULU HOLDINGS
2102.HK,TAK LEE MACH
2105.HK,LAEKNA-B
2107.HK,FIRST SERVICE
2108.HK,K2 F&B
2110.HK,TIAN CHENG HLDG
2111.HK,BEST PACIFIC
2112.HK,GRACE LIFE-TECH
2113.HK,CENTURY GP INTL
2116.HK,JS INNOV
2119.HK,TSIT WING INTL
2120.HK,KN HOSPITAL
2121.HK,AINNOVATION
2122.HK,KIDSLAND INTL
2125.HK,STRAWBEAR ENT
2126.HK,JW THERAP-B
2127.HK,HUISEN SHARES
2128.HK,CHINA LESSO
2129.HK,LEGION CONSO
2130.HK,CN LOGISTICS
2131.HK,NETJOY
2132.HK,LANDRICH HLDG
2135.HK,RAILY AESMED
2136.HK,LIFESTYLE CHI
2137.HK,BRII-B
2138.HK,EC HEALTHCARE
2139.HK,BANK OF GANSU
2142.HK,HBM HOLDINGS-B
2145.HK,CHICMAX
2146.HK,ROISERV
2147.HK,ZHENGWEI GROUP
2149.HK,BATELAB
2150.HK,NAYUKI
2152.HK,SUXIN SERVICES
2153.HK,TAT HONG EQUIP
2155.HK,MORIMATSU INTL
2156.HK,C&D PROPERTY
2157.HK,LEPU BIO-B
2158.HK,YIDU TECH
2159.HK,MEDIWELCOME
2160.HK,MP CARDIOFLOW-B
2161.HK,JBM HEALTHCARE
2162.HK,KEYMED BIO-B
2163.HK,BROAD HOMES
2165.HK,LING YUE SER GP
2166.HK,SMART-CORE
2167.HK,TI CLOUD
2168.HK,KAISA PROSPER
2169.HK,CANGGANGRAILWAY
2170.HK,BASECARE-B
2171.HK,CARSGEN-B
2172.HK,MICROPORT NEURO
2175.HK,CH GENERAL EDU
2176.HK,CCID CONSULTING
2177.HK,UNQ HOLDINGS
2178.HK,PETRO-KING
2179.HK,RECBIO-B
2180.HK,MANPOWER GRC
2181.HK,MABPHARM-B
2182.HK,TIAN CHANG GP
2185.HK,BIOHEART-B
2186.HK,LUYE PHARMA
2187.HK,ZHIXIN GP HLDG
2188.HK,TITANS ENERGY
2189.HK,KATO (HK) HLDGS
2190.HK,ZYLOXTB
2192.HK,MEDLIVE
2193.HK,MAN KING HOLD
2195.HK,UNITY ENT
2196.HK,FOSUN PHARMA
2197.HK,CLOVER BIO-B
2198.HK,CHINA SANJIANG
2199.HK,REGINA MIRACLE
2202.HK,CHINA VANKE
2203.HK,BRAINHOLE TECH
2205.HK,KANGQIAO SER
2208.HK,GOLDWIND
2209.HK,YESASIA HLDGS
2210.HK,BEIJING JIAYE
2211.HK,UNI HEALTH
2212.HK,FB MINING
2215.HK,DEXIN SER GROUP
2216.HK,BRONCUS-B
2218.HK,ANDRE JUICE
2219.HK,CHAOJU EYE CARE
2221.HK,NEW CONCEPTS
2222.HK,NVC INTL
2223.HK,CASABLANCA
2225.HK,JINHAI MED TECH
2226.HK,HONWORLD GP
2227.HK,SOLIS HOLDINGS
2228.HK,XTALPI
2230.HK,MEDIALINK GROUP
2231.HK,JY GRANDMARK
2232.HK,CRYSTAL INTL
2233.HK,WESTCHINACEMENT
2235.HK,MICROTECH MED-B
2236.HK,WISON ENGRG
2237.HK,CHINA GRAPHITE
2238.HK,GAC GROUP
2239.HK,SMIT
2245.HK,LYGEND RESOURCE
2246.HK,GOGOX
2250.HK,B.DUCK SEMK
2251.HK,AIRDOC-B
2252.HK,MEDBOT-B
2255.HK,HAICHANG HLDG
2256.HK,ABBISKO-B
2257.HK,SIRNAOMICS-B
2258.HK,WATTS INT'L
2259.HK,ZIJIN GOLD INTL
2260.HK,VANOV HOLDINGS
2262.HK,SLD GROUP
2263.HK,FU SHEK FIN
2265.HK,HC ENV TECH
2266.HK,LAI SI ENT
2268.HK,WUXI XDC
2269.HK,WUXI BIO
2270.HK,DESUN SERVICES
2271.HK,ZHONGAN SERVICE
2273.HK,GUSHENGTANG
2276.HK,CONANT OPTICAL
2279.HK,YONGHE MEDICAL
2280.HK,HC GROUP
2281.HK,XINGLU WATER
2282.HK,MGM CHINA
2283.HK,TK GROUP HLDG
2285.HK,CHERVON
2286.HK,CHEN XING
2288.HK,RYKADAN CAPITAL
2289.HK,CHARMACY PHAR
2291.HK,SCIENTECH
2293.HK,BAMBOOSHEALTH
2295.HK,MAXICITY
2297.HK,RAINMED-B
2298.HK,COSMO LADY
2299.HK,BILLION IND
2302.HK,CNNC INT'L
2306.HK,YH ENT
2307.HK,KAM HING INT'L
2309.HK,ZO FUTURE GROUP
2310.HK,TIMES UNI GP
2313.HK,SHENZHOU INTL
2314.HK,LEE & MAN PAPER
2315.HK,BIOCYTOGEN-B
2317.HK,VEDAN INT'L
2318.HK,PING AN
2319.HK,MENGNIU DAIRY
2320.HK,HOP FUNG GROUP
2321.HK,SWANGCHAICHUAN
2322.HK,MODERN INNO DT
2323.HK,RENCO HOLDINGS
2325.HK,YUNKANG GROUP
2326.HK,NPE HOLDINGS
2327.HK,MEILLEUREHEALTH
2328.HK,PICC P&C
2329.HK,GLORY HEALTH
2330.HK,CHINA UPTOWN
2331.HK,LI NING
2333.HK,GWMOTOR
2336.HK,SHUOAO INTL
2337.HK,UNITED STRENGTH
2338.HK,WEICHAI POWER
2339.HK,BWI INT'L
2340.HK,ISP HOLDINGS
2342.HK,COMBA
2343.HK,PACIFIC BASIN
2347.HK,YOHO GROUP
2348.HK,DAWNRAYS PHARMA
2349.HK,CH CITY INFRA
2350.HK,MTT GROUP
2352.HK,DOWELL SERVICE
2355.HK,BAOYE GROUP
2356.HK,DAHSING BANKING
2357.HK,AVICHINA
2358.HK,JIU RONG HOLD
2359.HK,WUXI APPTEC
2360.HK,BEST MART 360
2361.HK,SINOHEALTH HLDG
2362.HK,JINCHUAN INTL
2363.HK,TONGDA HONG TAI
2367.HK,GIANT BIOGENE
2368.HK,EAGLE NICE
2369.HK,COOLPAD GROUP
2370.HK,REDCO HEALTHY
2371.HK,CHUANGLIAN HOLD
2372.HK,WEILI HOLDINGS
2373.HK,BEAUTYFARM MED
2376.HK,LUSHANGSERVICES
2377.HK,BOQI ENV
2378.HK,PRU
2380.HK,CHINA POWER
2381.HK,SMC ELECTRIC
2382.HK,SUNNY OPTICAL
2383.HK,TOM GROUP
2385.HK,READBOY
2386.HK,SINOPEC SEG
2388.HK,BOC HONG KONG
2389.HK,BJ HEALTH
2390.HK,ZHIHU-W
2391.HK,TUYA-W
2392.HK,XUANWU CLOUD
2393.HK,YESTAR HEALTH
2396.HK,B&K CORP-B
2399.HK,CN ANCHU ENERGY
2400.HK,XD INC
2402.HK,SINOHYTEC
2405.HK,POWERWIN TECH
2407.HK,GAUSH MEDITECH
2408.HK,XIAO NOODLES
2409.HK,SEACON
2410.HK,TYK MEDICINES-B
2411.HK,PAGODA GP
2415.HK,MEDSCI
2416.HK,EDIANYUN
2418.HK,DEEWIN
2419.HK,DEKON AGR
2420.HK,ZIBUYU
2421.HK,KRP DEVELOPMENT
2422.HK,REGO INTERACT
2423.HK,BEKE-W
2425.HK,AUSTASIA GROUP
2427.HK,GUANZE MEDICAL
2429.HK,UBOX ONLINE
2431.HK,MINIEYE
2432.HK,DOBOT
2433.HK,ZT HN GROUP
2436.HK,LX TECHNOLOGY
2438.HK,MOBVOI
2439.HK,CH TREASURES NM
2440.HK,MEMESTRATEGY
2442.HK,EASY SMART GP
2443.HK,AUTOSTREETS
2448.HK,SPACE GROUP
2450.HK,HUAIBEI GD CO
2451.HK,LUYUAN GP HLDG
2453.HK,CONCORD HC GP
2455.HK,RUNHUA SERVICE
2457.HK,BUYANG INTL
2458.HK,GALA TECH HOLD
2459.HK,SANERGY GROUP
2460.HK,CR BEVERAGE
2465.HK,LOPAL TECH
2469.HK,FENBI
2473.HK,XXF
2477.HK,WELLCELL HOLD
2479.HK,TIANJUDIHE
2480.HK,LUZHU BIOTECH-B
2481.HK,WISE LIVING TEC
2482.HK,LOGORY
2483.HK,K CASH
2486.HK,PLUS GP HOLDING
2487.HK,CUTIA-B
2488.HK,LAUNCH TECH
2489.HK,PERSISTENCEGOLD
2490.HK,LC LOGISTICS
2495.HK,VOICECOMM
2496.HK,YZYBIO-B
2497.HK,FUJING HOLDINGS
2498.HK,ROBOSENSE
2499.HK,FOLANGSI
2500.HK,VENUS MEDTECH-B
2501.HK,MAIYUE TECH
2502.HK,JINYUAN HCHEM
2503.HK,ZHONGSHENJIANYE
2505.HK,EDA GROUP HLDGS
2506.HK,XUNFEIHEALTH
2507.HK,CIRRUS
2508.HK,SAINT BELLA
2509.HK,QYUNS-B
2510.HK,TS LINES
2511.HK,HIGHTIDE-B
2512.HK,CLOUD FACTORY
2513.HK,KNOWLEDGE ATLAS
2515.HK,TJCD
2516.HK,FAR INTL
2517.HK,GUOQUAN
2518.HK,AUTOHOME-S
2519.HK,AUGROUP
2520.HK,SHANXI INSTALL
2521.HK,SHENGHUI CLEAN
2522.HK,RIMAG GROUP
2525.HK,HESAI-W
2528.HK,FW FASHION INT
2529.HK,HOLLWIN URBAN
2530.HK,NUMANS
2531.HK,CARLINK TECH
2533.HK,BLACK SESAME
2535.HK,WK GROUP
2536.HK,PALASINO
2539.HK,LEMO SERVICES
2540.HK,LESI GROUP
2543.HK,DAHON TECH
2545.HK,ZHONGGAN COMM
2546.HK,ZHIHUI MINING
2549.HK,CAROTE LTD
2550.HK,EASOU TECH
2551.HK,APT ELECTRONICS
2552.HK,HUA MEDICINE-B
2555.HK,CHABAIDAO
2556.HK,MARKETINGFORCE
2558.HK,JINSHANG BANK
2559.HK,DIDA INC
2560.HK,CONCH MAT TECH
2561.HK,VISEN PHARMA-B
2562.HK,SYNAGISTICS
2563.HK,BIOSTAR PHARM-B
2565.HK,PEGBIO CO-B
2566.HK,JIUYUAN GENE
2567.HK,QINIU
2569.HK,SOFT INTL
2570.HK,REFIRE
2571.HK,SAIMO
2573.HK,NEWTREND GROUP
2575.HK,XUANZHUBIO-B
2576.HK,TAIMEI TECH
2577.HK,INNOSCIENCE
2579.HK,CNGR
2580.HK,AUX ELECTRIC
2581.HK,BENQ HOLDING
2582.HK,GUOFUHEE
2583.HK,HIPINE
2585.HK,MOKINGRAN
2586.HK,DMALL
2587.HK,HEALTHYWAY INC
2588.HK,BOC AVIATION
2589.HK,AUNTEA JENNY
2590.HK,GEEKPLUS-W
2591.HK,INNOGEN-B
2592.HK,CLOUDBREAK-B
2593.HK,HERBS GROUP
2595.HK,GENFLEET-B
2596.HK,YIBIN BANK
2597.HK,XUNZHONG
2598.HK,LIANLIAN
2600.HK,CHALCO
2601.HK,CPIC
2602.HK,ONEWO
2603.HK,JIHONG CO
2605.HK,METALIGHT
2607.HK,SH PHARMA
2608.HK,SUNSHINE 100
2609.HK,BAYZED HEALTH
2610.HK,NANSHAN AL INTL
2611.HK,GTHT
2613.HK,CONTIOCEAN
2616.HK,CSTONE PHARMA-B
2617.HK,TRANSTHERA-B
2618.HK,JD LOGISTICS
2619.HK,XJ ELECTRICS
2621.HK,SHOUHUI GROUP
2623.HK,ADD NEW ENERGY
2625.HK,JIANGSU HORIZON
2627.HK,AB&B BIO-TECH-B
2628.HK,CHINA LIFE
2629.HK,MIRXES-B
2630.HK,VIGONVITA-B
2631.HK,SICC
2633.HK,JACOBSON PHARMA
2635.HK,NUOBIKAN
2637.HK,HAIXI PHARMA
2638.HK,HKELECTRIC-SS
2643.HK,CAOCAO INC
2648.HK,ANJOY FOOD
2650.HK,ZHIDA TECH
2651.HK,DAZHONG DENTAL
2652.HK,CF PHARMTECH
2655.HK,GUOXIA TECH
2656.HK,160 HEALTH
2657.HK,FOREST CABIN
2658.HK,TIANYU SEMI
2659.HK,BAO PHARMA-B
2660.HK,ZENGAME
2661.HK,QINGSONG HEALTH
2663.HK,KPA-BM HLDGS
2665.HK,SEYOND
2666.HK,UNI MEDICAL
2668.HK,PAK TAK INT'L
2669.HK,CHINA OVS PPT
2670.HK,YUNJI
2671.HK,USAS BUILDING
2675.HK,EDGE MEDICAL-B
2676.HK,NOVOSENSE
2677.HK,DISTINCT HEALTH
2678.HK,TEXHONG INTL GP
2680.HK,INNOVAX HLDGS
2682.HK,YUN LEE MARINE
2683.HK,WAHSUN HANDBAGS
2685.HK,QUANTGROUP
2687.HK,ABLE DIGITAL
2688.HK,ENN ENERGY
2689.HK,ND PAPER
2691.HK,NANHUA FUTURES
2693.HK,JINYAN KAOLIN
2695.HK,IMPRESSION DHP
2696.HK,HENLIUS
2698.HK,SOFTCARE
2699.HK,XINMING CHINA
2700.HK,GREEN INTL HLDG
2706.HK,HAIZHI TECH GP
2714.HK,MUYUAN
2718.HK,MININGLAMP-W
2720.HK,RIDGE OUTDOOR
2722.HK,CHONGQING M&E
2727.HK,SH ELECTRIC
2728.HK,JINTAI ENERGY H
2738.HK,HUAJIN INTL
2768.HK,GON TECHNOLOGY
2772.HK,ZHONGLIANG HLDG
2777.HK,R&F PROPERTIES
2779.HK,CH XINHUA EDU
2788.HK,CHUANGXIN IND
2789.HK,YUANDA CHINA
2798.HK,PER ENERGY
2799.HK,CITIC FAMC
2858.HK,YIXIN
2863.HK,GOLDEN FAITH GP
2865.HK,DRINDA
2866.HK,COSCO SHIP DEV
2869.HK,GREENTOWN SER
2877.HK,SHINEWAY PHARM
2878.HK,SOLOMON SYSTECH
2880.HK,LIAONING PORT
2881.HK,WUHAN YOUJI
2882.HK,3DG HOLDINGS
2883.HK,CHINA OILFIELD
2885.HK,PEIPORT HOLD
2886.HK,BINHAI INV
2888.HK,STANCHART
2889.HK,PATEO
2892.HK,MILLION CITIES
2898.HK,SUNHO BIO-B
2899.HK,ZIJIN MINING
2902.HK,ZHONGMIAO-500
2904.HK,HKC INT'L HOLD
2905.HK,HANG YICK HLDGS
2907.HK,C SMARTERENERGY
2908.HK,JUTALOILSER RTS
2998.HK,CH SUPPLY C-OLD
3200.HK,HANS CNC
3288.HK,HAITIAN FLAV
3300.HK,CHINA GLASS
3301.HK,RONSHINECHINA
3302.HK,KINERGY
3303.HK,JUTAL OIL SER
3306.HK,JNBY
3309.HK,C-MER MEDICAL
3311.HK,CHINA STATE CON
3313.HK,ARTGO HOLDINGS
3315.HK,GOLDPAC GROUP
3316.HK,BINJIANG SER
3317.HK,XUNCE
3318.HK,CHINA BOTON
3319.HK,A-LIVING
3320.HK,CHINARES PHARMA
3321.HK,WAI HUNG GROUP
3322.HK,WIN HANVERKY
3323.HK,CNBM
3328.HK,BANKCOMM
3329.HK,BOCOM INTL
3330.HK,LINGBAO GOLD
3332.HK,SINOLIFE UTD
3336.HK,JU TENG INTL
3337.HK,ANTON OILFIELD
3339.HK,LONKING
3347.HK,TIGERMED
3348.HK,CHINA PENGFEI
3360.HK,FE HORIZON
3363.HK,ZHENGYE INT'L
3366.HK,OCT (ASIA)
3368.HK,PARKSON GROUP
3369.HK,QHD PORT
3377.HK,SINO-OCEAN GP
3378.HK,HANXBIO-B
3380.HK,LOGAN GROUP
3382.HK,TIANJINPORT DEV
3383.HK,AGILE GROUP
3389.HK,HENGDELI
3390.HK,TYCOON GROUP
3393.HK,WASION HOLDINGS
3395.HK,JX ENERGY
3396.HK,LEGENDHOLDING
3398.HK,CHINA TING
3399.HK,YUEYUN TRANS
3600.HK,MODERN DENTAL
3601.HK,LUDASHI
3603.HK,XINJI SHAXI
3606.HK,FUYAO GLASS
3613.HK,TONGRENTANGCM
3616.HK,EVER REACH GP
3618.HK,CQRC BANK
3623.HK,C SUCCESS FIN
3626.HK,EAST NOVA HLDGS
3628.HK,RENHENG ENT
3633.HK,ZHONGYU ENERGY
3636.HK,JINXUN RESOURCE
3638.HK,HUNLICAR GROUP
3639.HK,YIDA CHINA
3650.HK,KEEP
3658.HK,NEW HOPE SERV
3660.HK,QFIN-S
3662.HK,STARJOY W&T
3666.HK,SHANGHAI XNG
3668.HK,YANCOAL AUS
3669.HK,YONGDA AUTO
3677.HK,ZENERGY
3678.HK,HOLLY FUTURES
3680.HK,RUIHE DATA
3681.HK,SINOMAB BIO-B
3683.HK,GREAT HARVEST
3686.HK,CLIFFORDML
3688.HK,TOP SPRING
3689.HK,KANGHUA HEALTH
3690.HK,MEITUAN-W
3692.HK,HANSOH PHARMA
3696.HK,INSILICO
3698.HK,HUISHANG BANK
3699.HK,EB GRAND CHINA
3700.HK,INKEVERSE
3708.HK,CH SUPPLY C-NEW
3709.HK,EEKA FASHION
3718.HK,BJ ENT URBAN
3728.HK,CHING LEE
3737.HK,ZHONGZHIPHARM
3738.HK,VOBILE GROUP
3750.HK,CATL
3759.HK,PHARMARON
3768.HK,DCWT
3773.HK,YS DIGIFAVOR
3778.HK,CHINA WEAVING
3788.HK,CHINA HANKING
3789.HK,ROYAL DELUXE
3798.HK,HOMELAND ITL
3800.HK,GCL TECH
3808.HK,SINOTRUK
3813.HK,POU SHENG INT'L
3816.HK,KFM KINGDOM
3818.HK,CHINA DONGXIANG
3822.HK,SAM WOO CONS
3828.HK,MING FAI INT'L
3830.HK,KIDDIELAND
3833.HK,XINXIN MINING
3836.HK,HARMONY AUTO
3838.HK,CHINA STARCH
3839.HK,CT ENTERPRISE
3848.HK,HAOSEN FINTECH
3858.HK,JIAXIN INTL RES
3860.HK,EPS HEALTH TECH
3866.HK,BQD
3868.HK,XINYI ENERGY
3869.HK,HOSPITAL CORP
3877.HK,CSSC SHIPPING
3878.HK,VICON HOLDINGS
3880.HK,MEDTIDE
3881.HK,CIDI
3882.HK,SKYLIGHT HLDG
3883.HK,CHINA AOYUAN
3886.HK,TOWN HEALTH
3887.HK,HASHKEY HLDGS
3888.HK,KINGSOFT
3889.HK,GLOBAL CORN GP
3893.HK,CROSSTEC
3896.HK,KINGSOFT CLOUD
3898.HK,TIMES ELECTRIC
3899.HK,CIMC ENRIC
3900.HK,GREENTOWN CHINA
3903.HK,HANHUA FIN
3908.HK,CICC
3913.HK,KWG LIVING
3918.HK,NAGACORP
3919.HK,GOLDENPOWER
3928.HK,CHINA NEXT-GEN
3931.HK,CALB
3933.HK,UNITED LAB
3938.HK,LFG INV HLDGS
3939.HK,WANGUO GOLD GP
3958.HK,DFZQ
3963.HK,RONGZHONG FIN
3968.HK,CM BANK
3969.HK,CHINA CRSC
3978.HK,BESTSTUDY EDU
3983.HK,CHINA BLUECHEM
3986.HK,GIGADEVICE
3988.HK,BANK OF CHINA
3989.HK,CAPITAL ENV
3990.HK,MIDEA REAL EST
3991.HK,CHANGHONG JH
3993.HK,CMOC
3996.HK,CH ENERGY ENG
3997.HK,TSO
3998.HK,BOSIDENG
3999.HK,DACHAN FOOD
4621.HK,CINDA 21USDPREF
6030.HK,CITIC SEC
6031.HK,SANY HEAVY IND
6033.HK,TELECOM DIGIT
6036.HK,APEX ACE HLDG
6038.HK,G & M HLDGS
6049.HK,POLY PPT SER
6055.HK,CTIHK
6058.HK,CISI FIN
6060.HK,ZA ONLINE
6063.HK,LOTUS HORIZON
6066.HK,CSC
6068.HK,WISDOM EDU INTL
6069.HK,SY HOLDINGS
6078.HK,HYGEIA HEALTH
6080.HK,WING CHI HLDGS
6082.HK,BIREN TECH
6083.HK,WORLD-LINK LOG
6086.HK,FANGZHOU JIANKE
6088.HK,FIT HON TENG
6090.HK,BUTONG GROUP
6093.HK,HEVOL SERVICES
6098.HK,CG SERVICES
6099.HK,CMSC
6100.HK,TONGDAO LIEPIN
6108.HK,NEW RAY MEDIC
6110.HK,TOPSPORTS
6113.HK,BITSTRAT HLDGS
6117.HK,RIZHAO PORT JR
6118.HK,AUSTAR
6119.HK,TIAN YUAN GP
6123.HK,YTO INTL EXP
6127.HK,JOINN
6128.HK,GRAPHEX GROUP
6133.HK,VITAL INNO
6136.HK,KANGDA ENV
6138.HK,HARBIN BANK
6158.HK,ZHENRO PPT
6160.HK,BEONE MEDICINES
6162.HK,TR INTERIORS
6163.HK,GEMILANG INTL
6166.HK,CIG
6168.HK,ZHOU LIU FU
6169.HK,YUHUA EDU
6178.HK,EB SECURITIES
6181.HK,LAOPU GOLD
6182.HK,TWINTEK
6185.HK,CANSINOBIO
6186.HK,CHINA FEIHE
6188.HK,BJ DIGITAL
6189.HK,ADWAY
6190.HK,BANKOFJIUJIANG
6193.HK,TAILAM TECHCON
6196.HK,BANKOFZHENGZHOU
6198.HK,QINGDAO PORT
6199.HK,BANK OF GUIZHOU
6600.HK,ONEROBOTICS
6601.HK,CHEERWIN GP
6603.HK,IFBH
6608.HK,BAIRONG-W
6609.HK,HEARTCARE-B
6610.HK,FLOWING CLOUD
6611.HK,SANXUN GROUP
6613.HK,LENS
6616.HK,GLOBAL NEW MAT
6618.HK,JD HEALTH
6622.HK,ZHAOKE OPHTH-B
6623.HK,LUFAX
6626.HK,YUEXIU SERVICES
6628.HK,TRANSCENTA-B
6633.HK,QINGCI GAMES
6639.HK,ARRAIL GROUP
6651.HK,51WORLD
6655.HK,HX BLDG MAT
6657.HK,BAIWANG CO
6660.HK,AIM VACCINE
6661.HK,HUZHOU GAS
6663.HK,IWS GROUP
6666.HK,EVERG SERVICES
6667.HK,MEGA GENOMICS
6668.HK,E-STAR CM
6669.HK,ACOTEC-B
6676.HK,ZG GROUP-W
6677.HK,SINO-OCEAN SERV
6680.HK,JLMAG
6681.HK,BRAINAURORA-B
6682.HK,PHANCY
6683.HK,STARPLUS LEGEND
6686.HK,NOAH HOLDINGS
6687.HK,JST GROUP
6690.HK,HAIER SMARTHOME
6693.HK,CHIFENG GOLD
6696.HK,MANY IDEA CLOUD
6698.HK,STAR CM
6699.HK,ANGELALIGN
6805.HK,KIMOU ENVIRON
6806.HK,SWHY
6808.HK,SUNART RETAIL
6809.HK,MONTAGE TECH
6811.HK,TAI HING GROUP
6812.HK,WINSON HLDGS HK
6816.HK,PROSPER CONS
6818.HK,CEB BANK
6820.HK,FRIENDTIMES
6821.HK,ASYMCHEM
6822.HK,KING'S FLAIR
6823.HK,HKT-SS
6826.HK,HAOHAI BIOTEC
6828.HK,BG BLUE SKY
6829.HK,DRAGON RISE GP
6830.HK,HUAZHONG IN-V
6831.HK,GREEN TEA GROUP
6833.HK,SINCO PHARMA
6838.HK,WINOX
6839.HK,YUNNAN WATER
6855.HK,ASCENTAGE-B
6858.HK,HONMAGOLF
6860.HK,FINGERTANGO
6862.HK,HAIDILAO
6865.HK,FLAT GLASS
6866.HK,ZUOLI M-FIN
6868.HK,TENFU
6869.HK,YOFC
6877.HK,TE HEALTHCARE
6878.HK,DIFFER GP AUTO
6881.HK,CGS
6882.HK,EGL HOLDINGS
6883.HK,ETERNAL BEAUTY
6885.HK,JINMA ENERGY
6886.HK,HTSC
6887.HK,SUNSHINE PHARMA
6888.HK,FREETECH
6889.HK,DYNAM JAPAN
6890.HK,KANGLI INT HLDG
6893.HK,HINSANG GROUP
6896.HK,GOLDEN THROAT
6898.HK,CHINA ALUMCAN
6899.HK,OURGAME
6908.HK,HG SEMI
6909.HK,BETTERLIFE HLDG
6911.HK,LANCANG TEA
6913.HK,SCVE GROUP
6918.HK,KIDZTECH
6919.HK,RENRUI HR
6922.HK,CRYOFOCUS-B
6928.HK,TOMO HOLDINGS
6929.HK,ORBUSNEICH
6933.HK,SINO-ENTERTAIN
6936.HK,SF HOLDING
6938.HK,RIBOLIFE-B
6939.HK,MEGAIN
6955.HK,BOAN BIOTECH
6958.HK,ZHENRO SERVICES
6959.HK,CHANGJIU HLDGS
6960.HK,SHUANGDENG
6963.HK,SUNSHINE INS
6966.HK,C WAN TONG YUAN
6968.HK,GANGLONG CHINA
6969.HK,SMOORE INTL
6978.HK,IMMUNOTECH-B
6979.HK,ZJLD
6980.HK,BAMA TEA
6988.HK,JOY SPREADER
6989.HK,EXCELLENCE CM
6990.HK,SKB BIO-B
6993.HK,BLUE MOON GROUP
6996.HK,ANTENGENE-B
6998.HK,EDDING GENOR
6999.HK,LEADING HLDGS
7618.HK,JD INDUSTRIALS
8003.HK,GREAT WORLD
8005.HK,YUXING INFOTECH
8006.HK,SINO SPLENDID
8007.HK,GLOBALSTRAT
8013.HK,ECI TECH
8017.HK,TRADEGO
8018.HK,FINSOFT FIN
8019.HK,HAO WEN HLDGS
8020.HK,UNITAS HOLD
8021.HK,WLS HOLDINGS
8023.HK,KWONG MAN KEE
8026.HK,CB GLOBAL
8027.HK,KPM HOLDING
8028.HK,TIMELESS
8029.HK,IMPERIUM FIN GP
8030.HK,FENGYINHE
8031.HK,ETS GROUP
8033.HK,VODATEL NETWORK
8035.HK,JANCO HOLDINGS
8036.HK,EBROKER GROUP
8037.HK,CH BIOTECH SER
8039.HK,CHINA COME RIDE
8040.HK,COOLPOINT INNO
8041.HK,INTELLIMARK AI
8042.HK,KOS INTL
8043.HK,ATLINKS
8047.HK,CHINA OCEAN GP
8048.HK,YU TAK INT'L
8049.HK,JILIN CHANGLONG
8050.HK,CITY COOLXUAN
8051.HK,CIRCUTECH
8052.HK,LUK HING ENT
8056.HK,LIFE CONCEPTS
8057.HK,MADISON HLDG
8059.HK,GLORY FLAME
8060.HK,GLOBAL LINK
8062.HK,EFT SOLUTIONS
8063.HK,GLOBAL M HLDG
8065.HK,KML TECH
8066.HK,PHOENITRON HOLD
8067.HK,OUC HOLDINGS
8069.HK,FLYDOO TECH
8070.HK,KEEN OCEAN
8071.HK,CH NETCOMTECH
8072.HK,ROMA META GROUP
8073.HK,SFSY NEW MAT
8076.HK,SING LEE
8079.HK,WISDOMCOME GP
8080.HK,NAS HOLDINGS
8081.HK,HANG TAI YUE GP
8082.HK,QINGHUA HOLD
8083.HK,YOUZAN
8087.HK,CHINA 33MEDIA
8091.HK,OOH HOLDINGS
8092.HK,ITE HOLDINGS
8093.HK,WEB3 META
8095.HK,BEIDA JADE BIRD
8096.HK,TASTY CONCEPTS
8098.HK,CL GROUP
8100.HK,FAMOUS TECH INT
8103.HK,HMVOD
8106.HK,XINHUA LANDE
8107.HK,FICUS TECH
8111.HK,CT IND GROUP
8112.HK,CORNERSTONE FIN
8113.HK,V&V TECH
8115.HK,SHANGHAI QINGPU
8117.HK,CHI P ENERGY
8118.HK,BORTEX GLOBAL
8120.HK,CH DEMETER FIN
8121.HK,GUOEN HOLDINGS
8123.HK,SINOFORTUNE FIN
8125.HK,CHINA NEW HLDGS
8126.HK,G. A. HOLDINGS
8128.HK,CHYY GP
8130.HK,DADI INTL GROUP
8131.HK,ABC MULTIACTIVE
8132.HK,CENTURY EN INTL
8133.HK,JISHENG GP HLDG
8136.HK,IMS GROUP
8137.HK,HONBRIDGE
8139.HK,CHANGAN RH
8140.HK,BOSATECH
8143.HK,GF HEALTHCARE
8146.HK,GRACEWINE
8147.HK,MILLENNIUM PG
8148.HK,WUXI LIFE
8149.HK,ALTUS HLDGS
8152.HK,M&L HOLDINGS
8153.HK,JIADING INTL GP
8156.HK,SINOPHARM TECH
8158.HK,CRMI
8159.HK,CU VENTURE INV
8160.HK,GOLDWAY EDU
8161.HK,MEDINET GROUP
8162.HK,LOCO HK
8163.HK,NOIZ GROUP
8168.HK,AMASSE CAPITAL
8169.HK,ECO-TEK HLDGS
8172.HK,LAJIN ENT
8173.HK,HEPHAESTUS HLDG
8176.HK,SUPERROBOTICS
8178.HK,CHINA INFO TECH
8179.HK,PALINDA GROUP
8181.HK,KS SMART MGMT
8186.HK,ALMANA
8187.HK,JIMU GROUP
8188.HK,GME GROUP
8189.HK,TEDA BIOMEDICAL
8191.HK,HONG WEI ASIA
8193.HK,ASIAPAC FIN INV
8195.HK,LEGENDARY EDU
8196.HK,FUTIAN HOLDINGS
8198.HK,CRYPTO FLOW
8200.HK,SAU SAN TONG
8201.HK,PPS INT'L
8203.HK,KAISUN HOLDINGS
8205.HK,JIAODA WITHUB
8206.HK,S ROBOT EDU
8208.HK,WMCH GLOBAL
8210.HK,DLC ASIA
8211.HK,ZHEJIANG YONGAN
8213.HK,STARGLORY HLDGS
8217.HK,JU FU TANG BIOT
8218.HK,ECHO INT HOLD
8219.HK,HANVEY GROUP
8220.HK,BINGO GROUP
8221.HK,GAOYU FINANCE
8222.HK,E LIGHTING
8223.HK,ZYY
8225.HK,C HEALTH GP
8226.HK,KOALA FIN GP
8227.HK,HAITIAN ANTENNA
8229.HK,FUTURE DATA
8232.HK,THAC GROUP
8237.HK,LINK HOLDINGS
8238.HK,WINTO GROUP
8239.HK,CAPITAL FIN
8241.HK,YING KEE TEA
8245.HK,CANOPY SKYFIRE
8246.HK,ZHONGHUA GAS
8247.HK,BIOSINO BIO-TEC
8249.HK,RUIYUAN IC TECH
8250.HK,DU DU HLDGS
8257.HK,GENES TECH
8262.HK,SUPER STRONG
8267.HK,LINEKONG
8268.HK,SMART CITY DEV
8269.HK,GO UP EDU TECH
8270.HK,CHINA CBM
8271.HK,GDC
8275.HK,CHINA NEW CONS
8277.HK,STEEDORIENTAL
8279.HK,AGTECH HOLDINGS
8280.HK,CDV HOLDINGS
8281.HK,CH GOLD CLASSIC
8282.HK,GAMEONE
8283.HK,ZHONGSHI MINAN
8285.HK,SLING GROUP
8286.HK,CCOE
8290.HK,AHSAY BACKUP
8291.HK,HK ENT INTL
8292.HK,VSING
8293.HK,SINGASIA HLDG
8295.HK,KINGWISOFT TECH
8296.HK,SINO-LIFE GROUP
8297.HK,OCEAN STAR TECH
8299.HK,GT GOLD
8300.HK,JIN MI FANG GP
8305.HK,ST HLDGS
8307.HK,MEDICSKIN
8308.HK,GUDOU HLDGS
8309.HK,MANSHING GLOBAL
8310.HK,YANCHENG PORT
8311.HK,PERFECT OPT
8313.HK,ZACD
8315.HK,CEN PLAZA HOTEL
8316.HK,CHINA HONGBAO
8317.HK,FINET GROUP
8319.HK,EXPERT SYS
8320.HK,AEC GROUP
8321.HK,TAI KAM HLDGS
8326.HK,TK NEW ENERGY
8328.HK,XY ELEC STORAGE
8329.HK,NEP INTERLONG
8331.HK,P.B. GROUP
8333.HK,ASTRUM FIN
8337.HK,DIRECTEL
8340.HK,ZIJING INTL FIN
8341.HK,AESO HOLDING
8347.HK,F8 ENT
8348.HK,BINHAI TEDA
8349.HK,GUIXIN GROUP
8350.HK,WELL LINK SEC
8356.HK,TSUN YIP HLDGS
8357.HK,REPUBLIC HC
8360.HK,BASIC H NEWLIFE
8362.HK,WINNING TOWER
8365.HK,HATCHER GROUP
8366.HK,ZJ UNITED INV
8367.HK,SIMPLICITY HLDG
8368.HK,CREATIVE CHINA
8370.HK,ZHI SHENG GP
8371.HK,TASTEGOURMET GP
8372.HK,GBG HOLDINGS
8373.HK,INDIGO STAR
8375.HK,DATA UNION CAP
8377.HK,HARBOUR EQUINE
8379.HK,PRIME INTEL
8385.HK,PROSPEROUSPRINT
8391.HK,CORNERSTONE TEC
8392.HK,SATU HOLDINGS
8395.HK,ZXZN QI-HOUSE
8400.HK,ASIA PIONEER
8401.HK,STREAM IDEAS
8402.HK,PLATEAU TL
8403.HK,DOWWAY
8406.HK,CHINA ORAL IND
8411.HK,K W NELSON GP
8412.HK,NEW AMANTE
8413.HK,ASIA GROCERY
8416.HK,HM INTL HLDGS
8417.HK,DADI EDU
8418.HK,OPTIMA AUTO
8419.HK,AV PROMOTIONS
8420.HK,NEXION TECH
8422.HK,WT GROUP
8423.HK,CHI HO DEV
8425.HK,HING MING HLDGS
8426.HK,MODERN LIVING
8427.HK,WS-SK TARGET
8428.HK,CBK HOLDINGS
8429.HK,SV VISION
8430.HK,C&N HOLDINGS
8431.HK,HAO BAI INTL
8432.HK,BAR PACIFIC
8436.HK,TAKBO GROUP
8437.HK,RMH HOLDINGS
8439.HK,SOMERLEY CAP
8445.HK,NOBLE ENG GP
8446.HK,BRIGHTSTAR TECH
8447.HK,MS CONCEPT
8448.HK,UNI PRINTSHOP
8450.HK,EDICO HOLDINGS
8451.HK,SUNLIGHT HLDGS
8452.HK,FY FINANCIAL
8455.HK,LAI GROUP
8456.HK,MANSION INTL
8460.HK,BASETROPHY GP
8462.HK,OMNIBRIDGE HLDG
8471.HK,REACH NEW HLDGS
8472.HK,LAPCO HOLDINGS
8473.HK,MI MING MART
8475.HK,E-STATION GTECH
8480.HK,FURNIWEB
8481.HK,SHENGLONG INTL
8482.HK,WAN LEADER
8483.HK,MAX SIGHT GROUP
8487.HK,ISP GLOBAL
8489.HK,GP LOGISTICS
8490.HK,NICHE-TECH SEMI
8491.HK,COOL LINK
8493.HK,S. DRAGON
8495.HK,1957 & CO.
8496.HK,GLOBAL UIN
8500.HK,ICONCULTURE
8501.HK,SANBASE CORP
8502.HK,OCEAN LINE PORT
8507.HK,I.CENTURY HLDG
8509.HK,WINE'S LINK
8510.HK,TOPSTANDARDCORP
8511.HK,MIN FU INTL
8512.HK,HYFUSIN GROUP
8513.HK,MAXWIN INT HLDG
8516.HK,ZY INTL
8519.HK,XINXIANG ERA
8521.HK,WEBX INTL HLDGS
8525.HK,BAIYING HOLDING
8526.HK,WING FUNG GROUP
8527.HK,JLOGO HLDGS
8529.HK,UBOT HOLDING
8532.HK,POLYFAIR H-NEW
8535.HK,VISTAR HOLDINGS
8536.HK,TL NATURAL GAS
8537.HK,CHONG FAI JEWEL
8540.HK,VICTORY SEC
8545.HK,AMUSE GROUP
8547.HK,PACIFIC LEGEND
8549.HK,GOLDEN LEAF INT
8592.HK,POLYFAIR H-OLD
8601.HK,BOLTEK
8603.HK,FAMEGLOW
8606.HK,KINETIX SYSTEMS
8610.HK,BBSB INTL
8611.HK,MINDTELL TECH
8612.HK,WORLD SUPER
8613.HK,ORIENTAL PAY
8616.HK,SUNRAY ENG GP
8619.HK,NIU HOLDINGS
8620.HK,AE LOGISTICS
8621.HK,METROPOLIS CAP
8622.HK,JOYZYME GROUP
8623.HK,CHINA SAFTOWER
8627.HK,ORANGE TOUR
8629.HK,SYNTRUST GK
8631.HK,YUFENGCHANG HLD
8635.HK,ELEPHANT HLDGS
8637.HK,METASURFACE
8645.HK,BYTE META
8646.HK,CHINA HONGGUANG
8657.HK,TRUE PARTNER
8659.HK,YIK WO INTL
8668.HK,YING HAI GROUP
9600.HK,NEWLINK TECH
9606.HK,DUALITYBIO-B
9608.HK,SUNDY SERVICE
9609.HK,HAIWEI ELEC
9611.HK,LONGCHEER
9616.HK,NEUTECH GROUP
9618.HK,JD-SW
9626.HK,BILIBILI-W
9633.HK,NONGFU SPRING
9636.HK,JF SMARTINVEST
9638.HK,FERRETTI
9639.HK,WING LEE DEV
9658.HK,SUPER HI
9660.HK,HORIZONROBOT-W
9663.HK,SINOSYNERGY
9666.HK,JINKE SERVICES
9668.HK,CBHB
9669.HK,BEISEN HOLDING
9676.HK,SHIYUE DAOTIAN
9677.HK,WEIHAI BANK
9678.HK,UNISOUND
9680.HK,CHENQI TECH
9686.HK,XIKANG CLOUD
9688.HK,ZAI LAB
9689.HK,JTF INTL
9690.HK,TUHU-W
9696.HK,TIANQI LITHIUM
9698.HK,GDS-SW
9699.HK,SF INTRA-CITY
9857.HK,LINMON MEDIA
9858.HK,YOURAN DAIRY
9860.HK,ADICON HOLDINGS
9863.HK,LEAPMOTOR
9866.HK,NIO-SW
9868.HK,XPENG-W
9869.HK,HELENS
9876.HK,OCEAN ONE HLDG
9877.HK,JENSCARE-B
9878.HK,HUITONGDA NET
9879.HK,MIGAO GROUP
9880.HK,UBTECH ROBOTICS
9881.HK,RONGTA TECH
9882.HK,BEST LINKING
9885.HK,YSB
9886.HK,DINGDANG HEALTH
9887.HK,LEADS BIOLABS-B
9888.HK,BIDU-SW
9889.HK,DRCB
9890.HK,TANWAN
9893.HK,PIZU GROUP
9896.HK,MNSO
9898.HK,WB-SW
9899.HK,NETEASE MUSIC
9900.HK,ZCLOUD TECH CON
9901.HK,NEW ORIENTAL-S
9903.HK,ILUVATAR COREX
9906.HK,HONLIV HEALTH
9908.HK,JIAXING GAS
9909.HK,POWERLONG CM
9911.HK,NEWBORNTOWN
9913.HK,CHI KAN HLDGS
9916.HK,XINGYE WULIAN
9918.HK,WISE ALLY INTL
9919.HK,ACTIVATION GP
9922.HK,JIUMAOJIU
9923.HK,YEAHKA
9926.HK,AKESO
9927.HK,SERES
9928.HK,TIMES NEIGHBOR
9929.HK,SEM HLDGS
9930.HK,HORIZON CD
9933.HK,GHW INTL
9936.HK,XIMEI RESOURCES
9938.HK,WAH WO HOLDINGS
9939.HK,KINTOR PHARMA-B
9955.HK,CLOUDR
9958.HK,LITIAN PICTURES
9959.HK,LINKLOGIS-W
9960.HK,KINDSTAR GLOBAL
9961.HK,TRIP.COM-S
9963.HK,TRANSTECH
9966.HK,ALPHAMAB-B
9968.HK,HUIJING HLDGS
9969.HK,INNOCARE
9973.HK,CHERY AUTO
9978.HK,FINELAND LIVING
9979.HK,GREENTOWN MGMT
9980.HK,EASTROC
9981.HK,WOER
9982.HK,CENTRALCHINA MT
9983.HK,CC NEW LIFE
9985.HK,WL DELICIOUS
9986.HK,DASHAN EDU
9987.HK,YUM CHINA
9988.HK,BABA-W
9989.HK,HEPALINK
9990.HK,ARCHOSAUR GAMES
9991.HK,BAOZUN-W
9992.HK,POP MART
9993.HK,RADIANCE HLDGS
9995.HK,REMEGEN
9996.HK,PEIJIA-B
9998.HK,KWAN YONG
9999.HK,NTES-S
0016.HK,SHK PPT-R
0020.HK,SENSETIME-WR
0175.HK,GEELY AUTO-R
0291.HK,CHINARES BEER-R
0388.HK,HKEX-R
0700.HK,TENCENT-R
0737.HK,BAY AREA DEV-R
0883.HK,CNOOC-R
0941.HK,CHINA MOBILE-R
0992.HK,LENOVO GROUP-R
1024.HK,KUAISHOU-WR
1211.HK,BYD COMPANY-R
1299.HK,AIA-R
1810.HK,XIAOMI-WR
2020.HK,ANTA SPORTS-R
2318.HK,PING AN-R
2331.HK,LI NING-R
2333.HK,GWMOTOR-R
2388.HK,BOC HONG KONG-R
3690.HK,MEITUAN-WR
6618.HK,JD HEALTH-R
9618.HK,JD-SWR
9888.HK,BIDU-SWR
9988.HK,BABA-WR
